Sample,Time,p1,p2,p3,p4,p5,p6,m1,m2,m3,m4
471,47,1848,1601,1865,1614,2092,1879,1999,2023,1751,1878
472,47.1,1855,1587,1866,1605,2084,1880,1994,2014,1763,1880
473,47.2,1863,1577,1866,1600,2090,1885,1993,2012,1764,1877
474,47.3,1868,1561,1870,1594,2091,1888,1991,2005,1761,1868
475,47.4,1874,1556,1874,1587,2086,1894,1993,2060,1750,1863
476,47.5,1880,1552,1889,1583,2089,1901,1995,2096,1742,1851
477,47.6,1887,1547,1901,1586,2088,1897,1995,2081,1737,1839
478,47.7,1886,1543,1915,1578,2085,1896,1995,2089,1720,1854
479,47.8,1883,1543,1926,1578,2089,1890,2001,2096,1710,1892
480,47.9,1882,1541,1935,1580,2091,1891,1996,2093,1712,1947
481,48,1881,1537,1941,1580,2086,1888,1990,2077,1699,1960
482,48.1,1879,1540,1944,1580,2091,1883,1993,2068,1695,1955
483,48.2,1871,1535,1945,1580,2094,1883,2002,2055,1694,1955
484,48.3,1865,1533,1939,1583,2092,1882,2011,2044,1686,1991
485,48.4,1859,1531,1933,1584,2087,1878,2026,2039,1678,2031
486,48.5,1847,1540,1915,1585,2090,1879,2038,2036,1655,2037
487,48.6,1838,1571,1904,1581,2085,1877,2045,2019,1638,2014
488,48.7,1832,1609,1892,1590,2084,1876,2053,2005,1625,1975
489,48.8,1833,1647,1884,1600,2089,1877,2065,1989,1606,1940
490,48.9,1830,1686,1875,1604,2082,1876,2065,1968,1596,1916
491,49,1829,1717,1874,1614,2088,1873,2068,1957,1584,1879
492,49.1,1830,1724,1868,1624,2089,1870,2074,1959,1579,1856
493,49.2,1827,1734,1872,1632,2080,1872,2078,1961,1578,1848
494,49.3,1822,1759,1868,1639,2084,1872,2078,1955,1576,1851
495,49.4,1822,1792,1870,1633,2090,1875,2067,1950,1580,1848
496,49.5,1830,1828,1869,1627,2081,1874,2052,1950,1579,1859
497,49.6,1842,1845,1870,1622,2083,1874,2040,1951,1583,1870
498,49.7,1847,1848,1870,1614,2095,1874,2027,1947,1590,1888
499,49.8,1844,1845,1870,1603,2081,1870,2015,1939,1587,1931
500,49.9,1846,1836,1870,1599,2085,1869,2001,1927,1588,1975
501,50,1846,1810,1871,1594,2088,1869,1995,1907,1590,2003
502,50.1,1844,1779,1871,1581,2080,1874,1997,1890,1595,2022
503,50.2,1851,1744,1875,1572,2086,1876,1999,1889,1591,2020
504,50.3,1855,1710,1886,1574,2091,1880,2000,1886,1592,2010
505,50.4,1866,1695,1904,1576,2082,1885,1996,1882,1591,2004
506,50.5,1872,1667,1909,1574,2082,1892,1996,1880,1595,1999
507,50.6,1879,1642,1922,1574,2096,1895,1994,1878,1597,1968
508,50.7,1875,1618,1931,1578,2086,1900,1991,1880,1596,1940
509,50.8,1867,1598,1937,1576,2090,1899,1987,1875,1599,1917
510,50.9,1864,1562,1941,1574,2095,1893,1988,1875,1602,1891
511,51,1860,1548,1945,1573,2085,1890,1993,1880,1604,1890
512,51.1,1869,1546,1941,1576,2090,1885,1995,1886,1609,1865
513,51.2,1887,1537,1926,1587,2097,1884,1997,1890,1633,1840
514,51.3,1913,1542,1920,1592,2082,1882,2001,1901,1662,1842
515,51.4,1927,1546,1905,1602,2091,1881,2017,1918,1694,1863
516,51.5,1933,1541,1890,1613,2095,1879,2029,1963,1726,1887
517,51.6,1928,1540,1886,1620,2086,1878,2037,2010,1742,1934
518,51.7,1926,1536,1880,1624,2094,1878,2044,2029,1728,1972
519,51.8,1925,1530,1877,1630,2099,1871,2055,2070,1718,2043
520,51.9,1918,1529,1873,1636,2087,1871,2056,2154,1713,2045
521,52,1916,1536,1868,1636,2094,1872,2066,2152,1696,1994
522,52.1,1911,1546,1864,1628,2098,1874,2075,2121,1682,1937
523,52.2,1901,1573,1864,1618,2086,1874,2076,2088,1666,1907
524,52.3,1884,1590,1862,1606,2090,1874,2078,2047,1661,1898
525,52.4,1872,1601,1864,1588,2098,1874,2070,2016,1661,1883
526,52.5,1869,1622,1865,1581,2094,1879,2054,2001,1659,1874
527,52.6,1865,1630,1867,1580,2095,1884,2044,1990,1656,1862
528,52.7,1862,1633,1863,1575,2101,1889,2033,1971,1654,1847
529,52.8,1857,1647,1864,1575,2091,1896,2021,1964,1655,1846
530,52.9,1848,1659,1867,1574,2093,1913,2015,1955,1659,1841
531,53,1848,1664,1868,1575,2103,1923,2010,1946,1659,1839
532,53.1,1839,1672,1869,1572,2092,1930,2001,1935,1661,1839
533,53.2,1837,1665,1872,1573,2099,1933,2008,1929,1655,1839
534,53.3,1838,1651,1875,1573,2104,1931,2005,1927,1651,1846
535,53.4,1841,1607,1889,1573,2093,1927,1998,1943,1652,1859
536,53.5,1840,1514,1898,1573,2096,1922,2000,1954,1647,1868
537,53.6,1841,1466,1912,1577,2103,1921,2001,1959,1641,1878
538,53.7,1843,1462,1924,1582,2094,1912,1995,1954,1638,1921
539,53.8,1834,1463,1935,1589,2100,1905,2007,1963,1632,1957
540,53.9,1830,1476,1943,1597,2107,1905,2013,1978,1625,1975
541,54,1827,1474,1945,1601,2088,1901,2005,1982,1626,1985
542,54.1,1830,1473,1941,1610,2091,1901,2014,1979,1624,1979
543,54.2,1839,1469,1933,1624,2102,1903,2014,1981,1620,1966
544,54.3,1848,1456,1921,1630,2093,1904,2001,1982,1616,1951
545,54.4,1867,1448,1908,1639,2096,1902,2019,1980,1616,1946
546,54.5,1883,1446,1895,1639,2104,1902,2025,1979,1616,1923
547,54.6,1903,1478,1885,1638,2094,1902,2028,1980,1615,1902
548,54.7,1910,1515,1881,1624,2090,1900,2038,1979,1613,1901
549,54.8,1910,1555,1875,1614,2102,1901,2046,1975,1613,1896
550,54.9,1913,1604,1872,1604,2091,1907,2052,1960,1607,1892
551,55,1922,1618,1873,1600,2098,1901,2056,1954,1606,1886
552,55.1,1930,1583,1871,1591,2103,1901,2059,1950,1601,1879
553,55.2,1933,1518,1867,1585,2090,1897,2063,1947,1599,1876
554,55.3,1927,1492,1865,1580,2093,1896,2064,1947,1597,1873
555,55.4,1909,1509,1865,1581,2108,1893,2062,1938,1596,1867
556,55.5,1899,1547,1865,1575,2087,1894,2053,1937,1594,1870
557,55.6,1891,1550,1866,1573,2096,1893,2039,1932,1596,1878
558,55.7,1880,1529,1866,1572,2104,1888,2029,1933,1599,1893
559,55.8,1876,1508,1867,1574,2091,1892,2013,1931,1598,1900
560,55.9,1875,1489,1867,1572,2097,1890,2004,1929,1596,1921
561,56,1874,1464,1869,1570,2106,1884,1995,1933,1594,1942
562,56.1,1877,1451,1870,1573,2090,1892,1993,1931,1594,1937
563,56.2,1874,1444,1875,1578,2099,1892,1994,1932,1595,1936
564,56.3,1858,1452,1883,1579,2104,1885,1996,1932,1599,1930
565,56.4,1842,1471,1891,1585,2092,1891,1989,1936,1599,1930
566,56.5,1840,1505,1900,1596,2097,1890,1990,1939,1601,1928
567,56.6,1855,1587,1912,1610,2106,1884,1998,1944,1625,1914
568,56.7,1864,1651,1920,1617,2100,1887,1992,1949,1662,1907
569,56.8,1875,1673,1928,1629,2100,1882,1990,1941,1675,1902
570,56.9,1884,1660,1936,1636,2104,1879,1993,1933,1669,1895
571,57,1884,1637,1940,1642,2095,1878,1989,1931,1657,1891
572,57.1,1880,1624,1935,1638,2098,1881,1997,1972,1651,1886
573,57.2,1883,1628,1928,1631,2108,1882,2002,2015,1645,1882
574,57.3,1873,1625,1917,1622,2097,1887,2002,2001,1646,1882
575,57.4,1868,1617,1903,1615,2110,1887,2014,1988,1639,1886
576,57.5,1870,1582,1892,1602,2110,1893,2019,1987,1637,1883
577,57.6,1871,1523,1888,1593,2092,1897,2021,1976,1641,1896
578,57.7,1873,1477,1879,1589,2099,1902,2031,1965,1638,1916
579,57.8,1877,1483,1875,1588,2111,1909,2039,1954,1639,1936
580,57.9,1873,1501,1875,1577,2097,1915,2044,1944,1634,1948
581,58,1858,1521,1874,1575,2104,1921,2054,1942,1632,1959
582,58.1,1851,1540,1871,1575,2116,1925,2053,1937,1628,1968
583,58.2,1844,1557,1871,1578,2093,1929,2062,1933,1629,1970
584,58.3,1836,1570,1867,1578,2100,1928,2062,1937,1628,1970
585,58.4,1833,1567,1870,1578,2110,1924,2059,1940,1625,1968
586,58.5,1830,1560,1867,1577,2097,1919,2049,1934,1623,1967
587,58.6,1824,1557,1862,1578,2107,1916,2035,1930,1622,1956
588,58.7,1819,1579,1867,1575,2112,1913,2019,1932,1619,1941
589,58.8,1805,1608,1866,1577,2096,1907,2011,1926,1620,1915
590,58.9,1800,1607,1867,1578,2099,1910,2002,1930,1619,1899
591,59,1807,1592,1868,1588,2115,1903,1994,1930,1621,1892
592,59.1,1820,1571,1869,1595,2098,1903,1989,1930,1619,1892
593,59.2,1835,1554,1870,1601,2108,1904,1991,1928,1616,1902
594,59.3,1833,1540,1872,1616,2112,1904,1980,1919,1617,1930
595,59.4,1827,1529,1872,1629,2099,1901,1973,1923,1618,1935
596,59.5,1828,1517,1877,1634,2102,1900,1968,1925,1617,1918
597,59.6,1839,1499,1882,1638,2120,1900,1972,1923,1613,1924
598,59.7,1853,1483,1888,1639,2098,1900,1974,1927,1612,1955
599,59.8,1870,1473,1897,1644,2110,1896,1976,1916,1607,1996
600,59.9,1893,1470,1906,1634,2115,1895,1975,1919,1607,2016
601,60,1912,1466,1915,1626,2100,1895,1977,1911,1605,2005
602,60.1,1939,1468,1924,1616,2107,1895,1977,1900,1605,1957
603,60.2,1977,1467,1926,1610,2124,1899,1978,1896,1605,1926
604,60.3,1998,1467,1928,1601,2101,1903,1971,1881,1604,1916
605,60.4,2041,1471,1917,1590,2113,1908,1972,1879,1602,1896
606,60.5,2111,1465,1912,1585,2120,1913,1970,1871,1601,1889
607,60.6,2148,1462,1906,1587,2099,1920,1976,1870,1599,1880
608,60.7,2199,1459,1895,1585,2107,1929,1987,1866,1589,1865
609,60.8,2148,1461,1887,1581,2121,1934,1996,1862,1586,1849
610,60.9,2019,1461,1880,1584,2118,1944,2009,1860,1585,1843
611,61,1996,1463,1878,1582,2116,1951,2019,1863,1587,1843
612,61.1,1987,1463,1880,1579,2124,1953,2029,1868,1591,1844
613,61.2,1994,1464,1878,1576,2099,1951,2035,1872,1602,1853
614,61.3,2042,1465,1876,1574,2113,1942,2042,1872,1631,1855
615,61.4,2015,1466,1878,1579,2124,1937,2044,1879,1657,1863
616,61.5,1996,1471,1872,1585,2105,1933,2054,1879,1698,1875
617,61.6,2006,1470,1871,1595,2131,1930,2058,1897,1732,1890
618,61.7,1999,1486,1868,1603,2127,1928,2064,1925,1724,1911
619,61.8,1984,1528,1866,1620,2103,1927,2063,1943,1709,1905
620,61.9,1975,1580,1865,1626,2113,1921,2055,1959,1699,1895
621,62,1971,1625,1871,1635,2128,1920,2044,1986,1696,1895
622,62.1,1965,1659,1871,1646,2109,1913,2033,1984,1694,1883
623,62.2,1955,1685,1873,1652,2122,1910,2019,1993,1695,1863
624,62.3,1957,1693,1877,1650,2144,1902,2012,2008,1698,1849
625,62.4,1964,1688,1887,1645,2104,1898,2007,2018,1687,1845
626,62.5,1980,1667,1895,1633,2116,1896,2000,2008,1684,1845
627,62.6,2006,1638,1902,1626,2135,1891,1998,1976,1684,1841
628,62.7,2002,1617,1913,1607,2112,1888,1993,1957,1681,1835
629,62.8,1985,1595,1920,1597,2123,1887,1997,1948,1681,1835
630,62.9,1964,1581,1928,1594,2124,1887,1986,1943,1679,1842
631,63,1945,1573,1933,1597,2115,1891,1982,1934,1675,1842
632,63.1,1922,1562,1930,1587,2104,1888,1982,1921,1672,1845
633,63.2,1885,1547,1926,1588,2111,1890,1985,1913,1664,1853
634,63.3,1853,1542,1919,1589,2095,1890,1988,1906,1662,1869
635,63.4,1838,1543,1913,1582,2091,1887,1987,1906,1651,1887
636,63.5,1830,1549,1906,1580,2092,1887,1990,1910,1649,1891
637,63.6,1826,1555,1898,1578,2090,1888,1989,1910,1646,1912
638,63.7,1818,1572,1890,1579,2084,1892,1990,1912,1643,1927
639,63.8,1810,1599,1884,1580,2095,1892,1984,1914,1636,1918
640,63.9,1803,1639,1877,1575,2086,1892,1991,1919,1632,1909
641,64,1817,1672,1875,1580,2083,1890,2007,1923,1625,1901
642,64.1,1821,1713,1875,1587,2091,1889,2020,1923,1624,1884
643,64.2,1832,1754,1873,1590,2093,1884,2038,1927,1626,1880
644,64.3,1842,1791,1872,1596,2085,1871,2056,1933,1628,1882
645,64.4,1837,1829,1875,1611,2093,1863,2069,1934,1629,1883
646,64.5,1840,1863,1874,1621,2087,1866,2078,1935,1616,1875
647,64.6,1847,1895,1872,1628,2085,1867,2082,1940,1601,1873
648,64.7,1853,1915,1869,1637,2092,1868,2092,1944,1597,1865
649,64.8,1861,1901,1872,1644,2094,1866,2092,1944,1600,1849
650,64.9,1870,1872,1874,1646,2085,1864,2090,1946,1596,1841
651,65,1882,1841,1880,1638,2093,1860,2080,1948,1592,1845
652,65.1,1891,1820,1885,1620,2089,1860,2072,1946,1597,1854
653,65.2,1894,1792,1891,1611,2085,1860,2061,1944,1584,1860
654,65.3,1906,1757,1903,1602,2092,1858,2048,1944,1586,1860
655,65.4,1915,1729,1915,1593,2093,1859,2036,1940,1584,1859
656,65.5,1911,1709,1926,1587,2085,1864,2030,1938,1580,1868
657,65.6,1904,1688,1935,1584,2092,1866,2023,1937,1584,1873
658,65.7,1890,1675,1939,1583,2091,1873,2022,1935,1582,1883
659,65.8,1875,1667,1942,1574,2084,1878,2020,1931,1578,1901
660,65.9,1861,1657,1938,1571,2091,1883,2018,1931,1582,1903
661,66,1843,1646,1931,1574,2093,1887,2022,1929,1581,1896
662,66.1,1827,1636,1927,1577,2083,1890,2028,1922,1580,1895
663,66.2,1820,1624,1912,1579,2092,1889,2039,1922,1583,1892
664,66.3,1806,1615,1906,1578,2087,1887,2044,1917,1580,1887
665,66.4,1798,1614,1891,1576,2078,1880,2058,1914,1582,1887
666,66.5,1792,1613,1887,1576,2084,1875,2054,1917,1587,1885
667,66.6,1793,1613,1882,1574,2089,1874,2062,1909,1584,1883
668,66.7,1796,1615,1878,1577,2079,1868,2081,1913,1581,1873
669,66.8,1797,1613,1875,1584,2087,1861,2082,1909,1584,1865
670,66.9,1794,1612,1870,1597,2089,1862,2085,1904,1582,1862
671,67,1792,1610,1869,1607,2079,1863,2102,1906,1590,1863
672,67.1,1787,1607,1865,1618,2085,1858,2115,1909,1631,1865
673,67.2,1783,1609,1866,1631,2095,1860,2130,1904,1700,1865
674,67.3,1782,1607,1865,1638,2075,1856,2146,1909,1801,1869
675,67.4,1787,1614,1866,1644,2085,1857,2155,1932,1922,1878
676,67.5,1791,1626,1867,1647,2089,1855,2172,1933,1940,1885
677,67.6,1795,1649,1870,1640,2081,1855,2185,1929,1893,1883
678,67.7,1791,1672,1874,1638,2087,1851,2201,1924,1865,1878
679,67.8,1787,1692,1879,1625,2093,1844,2206,1982,1833,1881
680,67.9,1784,1724,1890,1616,2078,1844,2205,2015,1804,1917
681,68,1792,1746,1898,1600,2090,1843,2202,1988,1782,1937
682,68.1,1798,1748,1912,1594,2089,1845,2177,1983,1770,1929
683,68.2,1808,1750,1929,1583,2077,1842,2146,1986,1755,1924
684,68.3,1824,1741,1946,1577,2087,1847,2122,2002,1739,1916
685,68.4,1838,1728,1952,1576,2094,1847,2105,2000,1727,1896
686,68.5,1843,1717,1966,1573,2080,1845,2095,1991,1722,1890
687,68.6,1849,1713,1974,1572,2092,1847,2085,1998,1715,1880
688,68.7,1859,1698,1976,1572,2089,1844,2079,1996,1701,1875
689,68.8,1866,1696,1974,1576,2080,1847,2072,1987,1686,1861
690,68.9,1878,1700,1963,1572,2086,1849,2062,1974,1681,1865
691,69,1896,1692,1944,1570,2096,1853,2053,1978,1669,1875
692,69.1,1907,1690,1926,1567,2080,1864,2052,1982,1653,1916
693,69.2,1916,1688,1910,1572,2093,1877,2055,1973,1640,1959
694,69.3,1923,1674,1896,1579,2091,1891,2063,1963,1633,1952
695,69.4,1925,1672,1890,1588,2078,1905,2062,1954,1629,1941
696,69.5,1921,1664,1885,1593,2091,1908,2064,1950,1622,1932
697,69.6,1919,1651,1879,1606,2097,1912,2068,1944,1620,1930
698,69.7,1909,1659,1873,1615,2079,1923,2071,1945,1620,1927
699,69.8,1897,1669,1874,1623,2095,1929,2070,1937,1620,1926
700,69.9,1879,1665,1868,1630,2094,1936,2065,1936,1621,1926
701,70,1850,1673,1864,1640,2081,1931,2057,1931,1626,1925
702,70.1,1832,1677,1866,1641,2089,1922,2065,1918,1632,1895
703,70.2,1818,1669,1866,1638,2098,1922,2070,1915,1635,1882
704,70.3,1810,1682,1868,1629,2082,1916,2076,1915,1636,1868
705,70.4,1807,1698,1865,1623,2092,1909,2094,1919,1638,1855
706,70.5,1803,1701,1864,1610,2094,1899,2117,1921,1639,1846
707,70.6,1801,1736,1866,1596,2082,1894,2121,1925,1635,1844
708,70.7,1796,1754,1868,1592,2090,1891,2140,1922,1633,1849
709,70.8,1785,1755,1871,1587,2104,1889,2145,1926,1629,1843
710,70.9,1787,1772,1872,1585,2082,1888,2147,1917,1626,1852
711,71,1787,1781,1880,1581,2090,1890,2148,1913,1625,1858
712,71.1,1789,1786,1886,1581,2093,1889,2145,1916,1621,1877
713,71.2,1789,1798,1901,1578,2084,1886,2130,1918,1622,1908
714,71.3,1786,1801,1913,1573,2095,1886,2140,1918,1618,1935
715,71.4,1786,1790,1926,1572,2107,1888,2129,1919,1621,1952
716,71.5,1784,1782,1936,1573,2077,1888,2123,1921,1623,1953
717,71.6,1774,1783,1951,1574,2096,1887,2115,1921,1622,1926
718,71.7,1776,1769,1960,1574,2094,1889,2114,1919,1618,1934
719,71.8,1779,1733,1968,1580,2086,1888,2103,1921,1619,1947
720,71.9,1775,1692,1969,1585,2096,1888,2117,1921,1621,1957
721,72,1777,1657,1963,1593,2101,1886,2107,1921,1619,1931
722,72.1,1775,1630,1955,1598,2083,1887,2095,1921,1620,1913
723,72.2,1773,1620,1935,1609,2098,1885,2099,1919,1616,1895
724,72.3,1774,1620,1914,1620,2093,1888,2088,1916,1620,1880
725,72.4,1772,1615,1904,1634,2082,1885,2072,1921,1620,1873
726,72.5,1779,1600,1890,1638,2096,1884,2064,1915,1620,1870
727,72.6,1787,1587,1888,1642,2105,1879,2065,1919,1622,1867
728,72.7,1801,1579,1881,1640,2085,1879,2058,1922,1626,1860
729,72.8,1818,1578,1877,1638,2101,1886,2058,1916,1645,1856
730,72.9,1826,1575,1868,1626,2097,1884,2062,1913,1686,1858
731,73,1834,1582,1867,1609,2084,1883,2062,1912,1777,1875
732,73.1,1843,1582,1865,1599,2098,1885,2066,1929,1949,1890
733,73.2,1856,1577,1866,1594,2106,1887,2065,1939,2086,1910
734,73.3,1865,1579,1866,1589,2087,1893,2058,1938,2090,1914
735,73.4,1881,1578,1870,1583,2101,1904,2055,1933,2075,1916
736,73.5,1890,1574,1872,1579,2102,1911,2057,1934,2052,1920
737,73.6,1903,1576,1878,1578,2084,1922,2065,1951,2016,1973
738,73.7,1900,1569,1892,1574,2097,1930,2081,1929,1979,2004
739,73.8,1899,1572,1908,1573,2108,1939,2094,1914,1957,1963
740,73.9,1897,1577,1919,1575,2087,1948,2102,1905,1926,1914
741,74,1889,1590,1932,1577,2100,1948,2112,1901,1896,1897
742,74.1,1881,1606,1941,1579,2099,1940,2121,1897,1891,1893
743,74.2,1868,1623,1944,1578,2086,1936,2122,1892,1879,1884
744,74.3,1849,1629,1952,1579,2097,1933,2126,1883,1877,1863
745,74.4,1842,1642,1956,1583,2107,1919,2129,1872,1882,1860
746,74.5,1824,1649,1954,1580,2089,1917,2125,1855,1871,1857
747,74.6,1809,1670,1941,1584,2102,1909,2126,1845,1870,1852
748,74.7,1799,1695,1928,1593,2103,1902,2122,1839,1876,1847
749,74.8,1797,1715,1918,1600,2088,1898,2111,1835,1857,1845
750,74.9,1795,1712,1903,1609,2101,1895,2100,1829,1827,1840
751,75,1793,1706,1889,1619,2106,1891,2082,1820,1793,1842
752,75.1,1793,1695,1881,1629,2088,1889,2060,1825,1760,1845
753,75.2,1790,1673,1879,1638,2102,1889,2049,1827,1740,1858
754,75.3,1793,1660,1874,1639,2106,1888,2038,1824,1713,1878
755,75.4,1784,1638,1871,1635,2090,1889,2037,1824,1691,1905
756,75.5,1782,1617,1872,1629,2100,1889,2034,1818,1667,1925
757,75.6,1780,1599,1872,1621,2123,1891,2033,1817,1646,1933
758,75.7,1779,1584,1869,1607,2086,1889,2029,1821,1630,1936
759,75.8,1780,1581,1870,1598,2104,1888,2031,1818,1622,1939
760,75.9,1779,1569,1870,1593,2104,1891,2027,1815,1606,1949
761,76,1779,1559,1868,1584,2088,1887,2029,1813,1597,1960
762,76.1,1778,1552,1872,1579,2099,1885,2030,1807,1578,1966
763,76.2,1780,1545,1875,1573,2113,1883,2035,1803,1557,1957
764,76.3,1777,1544,1881,1576,2092,1884,2039,1809,1545,1934
765,76.4,1773,1526,1894,1574,2116,1884,2040,1823,1529,1912
766,76.5,1775,1496,1908,1573,2107,1889,2040,1839,1520,1902
767,76.6,1776,1468,1925,1574,2090,1895,2046,1856,1517,1894
768,76.7,1776,1455,1939,1578,2102,1900,2037,1869,1514,1889
769,76.8,1778,1461,1950,1577,2116,1908,2031,1881,1514,1884
770,76.9,1778,1480,1959,1580,2092,1915,2040,1891,1515,1883
771,77,1779,1506,1961,1585,2117,1923,2050,1897,1521,1876
772,77.1,1778,1536,1964,1599,2110,1926,2061,1893,1525,1870
773,77.2,1782,1557,1959,1607,2090,1936,2074,1884,1532,1870
774,77.3,1785,1578,1948,1614,2106,1943,2087,1877,1538,1869
775,77.4,1793,1631,1936,1624,2113,1949,2105,1874,1535,1870
776,77.5,1806,1698,1919,1636,2097,1955,2115,1871,1543,1865
777,77.6,1818,1747,1909,1641,2114,1957,2120,1867,1547,1867
778,77.7,1832,1792,1901,1644,2114,1959,2122,1874,1552,1863
779,77.8,1848,1881,1893,1640,2088,1949,2126,1863,1559,1862
780,77.9,1859,1947,1889,1637,2108,1942,2126,1859,1560,1868
781,78,1870,1972,1885,1631,2122,1939,2111,1857,1563,1878
782,78.1,1878,1981,1879,1620,2097,1932,2103,1853,1560,1890
783,78.2,1881,1987,1874,1614,2116,1928,2087,1853,1564,1903
784,78.3,1885,1985,1872,1605,2114,1925,2080,1841,1567,1905
785,78.4,1894,1955,1870,1594,2095,1922,2058,1840,1569,1906
786,78.5,1897,1913,1869,1587,2109,1917,2041,1839,1569,1899
787,78.6,1900,1903,1868,1582,2121,1914,2030,1841,1569,1892
788,78.7,1898,1901,1868,1584,2096,1911,2027,1837,1570,1887
789,78.8,1896,1890,1869,1581,2118,1907,2032,1835,1572,1880
790,78.9,1893,1876,1873,1578,2118,1902,2035,1832,1577,1874
791,79,1891,1855,1873,1579,2100,1903,2041,1826,1584,1864
792,79.1,1881,1842,1881,1580,2114,1899,2037,1833,1589,1856
793,79.2,1873,1832,1889,1575,2130,1899,2037,1837,1589,1846
794,79.3,1867,1820,1897,1576,2096,1900,2036,1843,1586,1838
795,79.4,1857,1799,1906,1578,2120,1900,2036,1850,1587,1841
796,79.5,1848,1778,1918,1585,2122,1899,2040,1859,1589,1853
797,79.6,1839,1783,1928,1595,2101,1896,2042,1861,1587,1863
798,79.7,1828,1809,1939,1602,2117,1896,2044,1862,1587,1874
799,79.8,1822,1837,1949,1612,2154,1893,2044,1855,1598,1896
800,79.9,1814,1857,1957,1620,2093,1894,2047,1850,1602,1907
801,80,1802,1875,1963,1625,2124,1895,2044,1840,1604,1905
802,80.1,1793,1888,1956,1634,2126,1891,2041,1843,1609,1916
803,80.2,1794,1898,1945,1643,2105,1892,2036,1841,1617,1927
804,80.3,1790,1927,1932,1645,2123,1894,2037,1839,1625,1940
805,80.4,1791,1951,1917,1634,2128,1895,2044,1839,1642,1936
806,80.5,1793,1973,1902,1632,2104,1892,2052,1836,1662,1932
807,80.6,1791,1986,1893,1618,2116,1891,2060,1831,1690,1928
808,80.7,1790,2000,1887,1607,2119,1892,2070,1834,1691,1916
809,80.8,1786,2021,1882,1596,2096,1892,2085,1832,1682,1908
810,80.9,1782,2033,1881,1590,2102,1896,2096,1829,1676,1901
811,81,1778,2041,1878,1593,2096,1902,2108,1830,1676,1895
812,81.1,1779,2033,1878,1590,2089,1907,2116,1833,1671,1888
813,81.2,1778,2018,1875,1582,2087,1911,2130,1829,1679,1883
814,81.3,1779,2006,1872,1591,2093,1917,2150,1831,1685,1878
815,81.4,1780,2006,1870,1582,2089,1925,2162,1832,1684,1876
816,81.5,1780,2014,1867,1577,2089,1933,2175,1830,1692,1868
817,81.6,1779,2023,1863,1576,2091,1937,2188,1829,1697,1862
818,81.7,1776,2021,1865,1580,2088,1942,2197,1833,1710,1855
819,81.8,1768,2022,1865,1580,2085,1945,2200,1834,1717,1857
820,81.9,1768,2026,1871,1576,2096,1949,2188,1836,1708,1868
821,82,1765,2025,1875,1581,2082,1952,2168,1832,1715,1887
822,82.1,1766,2027,1875,1587,2086,1948,2154,1835,1709,1915
823,82.2,1771,2020,1882,1592,2090,1941,2141,1832,1711,1935
824,82.3,1775,2000,1892,1600,2088,1937,2127,1834,1701,1952
825,82.4,1780,1977,1901,1607,2088,1932,2118,1838,1694,1963
826,82.5,1789,1940,1914,1620,2096,1922,2109,1832,1700,1963
827,82.6,1795,1907,1922,1626,2091,1918,2100,1831,1689,1951
828,82.7,1800,1892,1930,1631,2088,1911,2094,1833,1682,1934
829,82.8,1809,1877,1941,1636,2088,1908,2086,1837,1664,1921
830,82.9,1822,1866,1947,1632,2089,1904,2075,1833,1653,1912
831,83,1828,1856,1951,1622,2087,1902,2073,1832,1634,1911
832,83.1,1840,1843,1952,1615,2096,1899,2071,1833,1632,1896
833,83.2,1848,1830,1946,1606,2092,1896,2067,1833,1629,1892
834,83.3,1853,1813,1937,1599,2095,1891,2069,1836,1619,1888
835,83.4,1859,1797,1923,1593,2086,1888,2066,1835,1613,1881
836,83.5,1857,1784,1910,1589,2090,1885,2059,1841,1607,1880
837,83.6,1855,1783,1898,1584,2087,1887,2055,1842,1599,1878
838,83.7,1852,1784,1889,1580,2095,1884,2052,1845,1593,1867
839,83.8,1851,1782,1884,1575,2088,1883,2038,1850,1598,1856
840,83.9,1845,1782,1879,1573,2088,1887,2034,1853,1594,1858
841,84,1839,1778,1879,1577,2083,1885,2034,1856,1596,1875
842,84.1,1833,1777,1876,1578,2081,1888,2034,1860,1599,1890
843,84.2,1823,1770,1876,1578,2080,1890,2036,1868,1598,1906
844,84.3,1808,1759,1876,1580,2090,1886,2039,1878,1606,1937
845,84.4,1794,1748,1870,1577,2088,1887,2038,1895,1610,1942
846,84.5,1787,1738,1869,1576,2083,1887,2042,1914,1616,1957
847,84.6,1783,1730,1867,1572,2085,1888,2047,1931,1626,1969
848,84.7,1778,1720,1867,1574,2083,1891,2052,1935,1631,1976
849,84.8,1775,1715,1868,1578,2076,1898,2059,1944,1637,1977
850,84.9,1771,1715,1868,1584,2090,1900,2072,1951,1650,1978
851,85,1764,1708,1869,1594,2088,1904,2078,1955,1658,1965
852,85.1,1765,1713,1871,1606,2082,1908,2080,1965,1674,1957
853,85.2,1760,1733,1873,1618,2082,1913,2092,1977,1689,1948
854,85.3,1754,1752,1875,1622,2089,1914,2099,1992,1707,1934
855,85.4,1752,1770,1881,1626,2079,1917,2109,2006,1717,1920
856,85.5,1750,1788,1891,1631,2089,1919,2125,2016,1731,1913
857,85.6,1752,1812,1892,1637,2087,1919,2135,2027,1736,1894
858,85.7,1750,1839,1903,1637,2085,1914,2145,2027,1711,1890
859,85.8,1751,1862,1913,1628,2086,1911,2162,2024,1687,1897
860,85.9,1751,1882,1924,1626,2092,1907,2169,2031,1669,1912
861,86,1749,1902,1934,1617,2083,1902,2180,2056,1658,1959
862,86.1,1747,1927,1942,1606,2099,1902,2186,2094,1650,1987
863,86.2,1746,1929,1948,1593,2087,1897,2166,2102,1646,1993
864,86.3,1753,1911,1949,1589,2085,1895,2137,2101,1644,1996
865,86.4,1761,1876,1948,1587,2085,1895,2118,2101,1649,1971
866,86.5,1772,1845,1933,1585,2091,1889,2103,2116,1647,1954
867,86.6,1783,1829,1924,1580,2083,1886,2087,2118,1638,1948
868,86.7,1790,1814,1910,1581,2090,1886,2082,2110,1637,1945
869,86.8,1791,1802,1894,1582,2104,1885,2070,2081,1643,1940
870,86.9,1792,1798,1888,1578,2081,1886,2067,2058,1640,1907
871,87,1797,1792,1887,1574,2086,1888,2058,2045,1640,1896
872,87.1,1805,1781,1880,1576,2090,1886,2053,2038,1638,1896
873,87.2,1813,1775,1877,1580,2083,1886,2049,2026,1633,1893
874,87.3,1817,1762,1875,1579,2095,1885,2047,2016,1620,1887
875,87.4,1820,1753,1873,1577,2092,1887,2040,2009,1609,1880
876,87.5,1820,1761,1872,1579,2083,1883,2034,1985,1607,1876
877,87.6,1817,1756,1870,1584,2092,1881,2041,1959,1607,1866
878,87.7,1813,1751,1868,1585,2086,1881,2043,1951,1605,1864
879,87.8,1809,1759,1870,1592,2083,1887,2044,1950,1606,1873
880,87.9,1806,1758,1867,1603,2097,1893,2047,1937,1601,1899
881,88,1802,1755,1870,1615,2091,1903,2046,1930,1603,1930
882,88.1,1795,1762,1871,1620,2087,1911,2043,1932,1599,1938
883,88.2,1792,1755,1874,1631,2090,1922,2051,1921,1599,1926
884,88.3,1787,1744,1886,1640,2088,1934,2040,1916,1595,1927
885,88.4,1780,1747,1898,1639,2081,1947,2033,1916,1597,1934
886,88.5,1769,1747,1911,1636,2096,1955,2034,1919,1595,1936
887,88.6,1764,1741,1921,1628,2095,1955,2034,1918,1595,1935
888,88.7,1762,1742,1930,1624,2087,1955,2030,1920,1591,1937
889,88.8,1755,1740,1938,1616,2093,1948,2042,1919,1587,1925
890,88.9,1759,1742,1942,1609,2088,1945,2044,1920,1578,1919
891,89,1760,1732,1941,1600,2083,1944,2036,1915,1572,1910
892,89.1,1755,1727,1934,1595,2097,1939,2038,1919,1574,1893
893,89.2,1755,1720,1929,1585,2097,1931,2031,1922,1571,1887
894,89.3,1746,1715,1921,1581,2088,1930,2029,1927,1567,1871
895,89.4,1733,1714,1913,1582,2093,1929,2048,1923,1566,1865
896,89.5,1728,1712,1903,1581,2094,1919,2048,1914,1558,1864
897,89.6,1727,1719,1899,1581,2088,1917,2051,1915,1558,1867
898,89.7,1727,1719,1887,1580,2099,1913,2070,1919,1552,1862
899,89.8,1728,1721,1883,1580,2097,1911,2073,1915,1548,1841
900,89.9,1730,1728,1883,1577,2091,1909,2074,1914,1545,1835
901,90,1726,1739,1880,1578,2092,1900,2081,1908,1542,1834
902,90.1,1723,1745,1879,1579,2097,1891,2083,1903,1541,1839
903,90.2,1724,1760,1878,1585,2088,1893,2080,1900,1536,1841
904,90.3,1725,1770,1877,1587,2108,1890,2076,1902,1539,1847
905,90.4,1730,1787,1875,1598,2096,1884,2065,1897,1535,1863
906,90.5,1733,1798,1874,1606,2091,1882,2047,1889,1535,1890
907,90.6,1744,1796,1876,1610,2094,1882,2039,1892,1537,1888
908,90.7,1756,1783,1871,1610,2097,1881,2027,1886,1538,1876
909,90.8,1764,1773,1875,1614,2088,1883,2018,1890,1557,1868
910,90.9,1777,1759,1882,1625,2102,1887,2021,1882,1605,1868
911,91,1780,1743,1892,1627,2104,1884,2024,1881,1651,1864
912,91.1,1785,1729,1902,1625,2094,1888,2022,1877,1678,1856
913,91.2,1795,1719,1913,1621,2092,1886,2023,1884,1669,1847
914,91.3,1804,1712,1920,1610,2098,1882,2017,1874,1663,1842
915,91.4,1813,1715,1928,1593,2087,1885,2006,1900,1654,1839
916,91.5,1818,1721,1936,1584,2104,1887,2013,1922,1652,1836
917,91.6,1823,1721,1941,1579,2102,1880,2018,1905,1654,1832
918,91.7,1825,1721,1944,1578,2096,1884,2013,1898,1645,1837
919,91.8,1815,1718,1943,1577,2098,1886,2009,1899,1639,1852
920,91.9,1809,1712,1938,1574,2096,1880,2012,1890,1632,1868
921,92,1803,1700,1926,1577,2089,1887,2019,1884,1624,1865
922,92.1,1797,1699,1910,1573,2107,1886,2023,1876,1619,1870
923,92.2,1792,1707,1901,1571,2104,1885,2018,1870,1620,1877
924,92.3,1786,1724,1892,1569,2094,1886,2031,1879,1616,1884
925,92.4,1778,1742,1883,1574,2101,1890,2039,1889,1617,1894
926,92.5,1772,1762,1879,1572,2097,1894,2049,1888,1623,1909
927,92.6,1763,1781,1875,1569,2090,1901,2048,1883,1621,1922
928,92.7,1750,1794,1872,1574,2107,1904,2048,1879,1620,1923
929,92.8,1742,1798,1869,1581,2104,1908,2050,1878,1614,1917
930,92.9,1739,1789,1866,1589,2096,1913,2057,1881,1612,1909
931,93,1736,1775,1863,1597,2098,1918,2070,1879,1608,1899
932,93.1,1735,1759,1863,1608,2098,1922,2075,1878,1606,1889
933,93.2,1733,1747,1860,1619,2087,1927,2084,1876,1600,1885
934,93.3,1728,1743,1867,1625,2111,1929,2096,1876,1599,1873
935,93.4,1724,1739,1869,1634,2105,1934,2112,1874,1595,1870
936,93.5,1717,1732,1871,1638,2095,1939,2113,1872,1595,1862
937,93.6,1712,1727,1876,1640,2101,1949,2116,1868,1593,1854
938,93.7,1710,1721,1889,1634,2105,1954,2117,1866,1592,1849
939,93.8,1710,1710,1901,1622,2093,1961,2106,1867,1594,1846
940,93.9,1712,1704,1913,1609,2110,1970,2093,1862,1595,1860
941,94,1713,1700,1923,1603,2107,1975,2079,1856,1593,1873
942,94.1,1710,1701,1936,1590,2097,1975,2070,1852,1593,1875
943,94.2,1707,1700,1940,1585,2098,1973,2063,1843,1590,1891
944,94.3,1709,1699,1940,1583,2105,1968,2051,1842,1589,1955
945,94.4,1707,1695,1937,1578,2094,1969,2046,1837,1593,1975
946,94.5,1709,1693,1930,1570,2125,1962,2044,1843,1584,1971
947,94.6,1710,1692,1918,1565,2104,1960,2046,1845,1587,1963
948,94.7,1717,1682,1907,1566,2098,1958,2039,1840,1586,1942
949,94.8,1727,1674,1900,1571,2103,1947,2034,1840,1587,1937
950,94.9,1745,1673,1888,1570,2113,1932,2033,1846,1585,1930
951,95,1757,1670,1880,1573,2099,1928,2031,1856,1585,1932
952,95.1,1764,1674,1875,1573,2108,1915,2032,1852,1587,1930
953,95.2,1764,1672,1874,1570,2123,1904,2027,1854,1586,1922
954,95.3,1772,1671,1871,1572,2100,1882,2027,1860,1591,1904
955,95.4,1785,1673,1874,1572,2106,1860,2025,1861,1595,1892
956,95.5,1795,1675,1871,1580,2110,1847,2027,1865,1610,1877
957,95.6,1803,1679,1872,1591,2094,1843,2029,1865,1641,1871
958,95.7,1811,1662,1869,1602,2114,1842,2031,1856,1679,1868
959,95.8,1816,1654,1870,1609,2116,1841,2031,1863,1721,1863
960,95.9,1814,1651,1869,1622,2115,1841,2034,1892,1774,1862
961,96,1808,1656,1870,1628,2106,1841,2028,1913,1766,1863
962,96.1,1800,1674,1874,1634,2113,1843,2024,1922,1755,1883
963,96.2,1795,1690,1875,1635,2098,1847,2021,1936,1752,1909
964,96.3,1784,1718,1880,1639,2118,1852,2026,2015,1736,1953
965,96.4,1777,1750,1889,1634,2118,1852,2036,2026,1727,1975
966,96.5,1768,1779,1898,1618,2106,1855,2042,2016,1719,1969
967,96.6,1763,1788,1917,1607,2112,1852,2047,2025,1725,1955
968,96.7,1754,1789,1928,1594,2110,1851,2052,2036,1724,1955
969,96.8,1742,1781,1944,1581,2100,1847,2060,2027,1733,1942
970,96.9,1737,1770,1952,1570,2127,1850,2066,2001,1732,1924
971,97,1733,1756,1959,1565,2122,1854,2063,1974,1731,1901
972,97.1,1729,1740,1967,1566,2109,1855,2064,1965,1734,1876
973,97.2,1728,1732,1961,1564,2113,1853,2065,1951,1723,1870
974,97.3,1724,1724,1951,1565,2120,1851,2053,1936,1731,1866
975,97.4,1725,1718,1937,1567,2101,1850,2049,1931,1745,1871
976,97.5,1720,1707,1919,1567,2137,1852,2036,1942,1737,1870
977,97.6,1715,1698,1904,1562,2128,1855,2029,1966,1715,1871
978,97.7,1708,1694,1898,1560,2110,1859,2024,1940,1694,1874
979,97.8,1703,1693,1892,1564,2117,1858,2010,1932,1676,1891
980,97.9,1704,1692,1885,1575,2123,1856,2004,1944,1658,1913
981,98,1707,1688,1880,1583,2106,1857,2004,1952,1645,1898
982,98.1,1706,1689,1878,1593,2128,1855,1998,1942,1642,1896
983,98.2,1707,1691,1874,1612,2120,1852,1999,1935,1643,1899
984,98.3,1709,1689,1867,1621,2103,1848,2005,1920,1642,1910
985,98.4,1707,1686,1869,1627,2107,1841,2003,1912,1648,1919
986,98.5,1706,1677,1874,1633,2103,1840,1999,1898,1654,1916
987,98.6,1708,1673,1872,1646,2093,1838,1992,1889,1660,1900
988,98.7,1710,1670,1873,1649,2089,1840,1994,1881,1657,1883
989,98.8,1719,1673,1872,1649,2084,1843,1988,1882,1649,1872
990,98.9,1727,1688,1871,1640,2086,1847,1987,1882,1644,1867
991,99,1742,1711,1874,1632,2086,1850,1992,1877,1636,1862
992,99.1,1754,1727,1879,1619,2090,1847,1999,1871,1635,1860
993,99.2,1769,1731,1888,1602,2088,1844,2021,1879,1634,1856
994,99.3,1775,1714,1902,1589,2082,1842,2037,1880,1630,1848
995,99.4,1776,1696,1911,1582,2087,1841,2050,1874,1626,1849
996,99.5,1790,1683,1917,1581,2082,1844,2082,1871,1630,1857
997,99.6,1800,1665,1924,1578,2085,1844,2111,1872,1629,1864
998,99.7,1806,1663,1932,1576,2088,1845,2119,1875,1631,1925
999,99.8,1815,1664,1947,1576,2089,1844,2138,1877,1628,1966
1000,99.9,1820,1670,1967,1575,2088,1845,2143,1878,1626,1975
1001,100,1817,1683,1975,1573,2089,1846,2133,1879,1631,1978
1002,100.1,1813,1700,1966,1574,2088,1846,2117,1881,1633,1979
1003,100.2,1802,1707,1955,1574,2084,1846,2103,1887,1627,1987
1004,100.3,1793,1716,1939,1572,2088,1846,2087,1885,1634,1982
1005,100.4,1788,1718,1921,1572,2087,1845,2067,1894,1655,1914
1006,100.5,1779,1718,1911,1573,2087,1839,2049,1896,1723,1882
1007,100.6,1773,1714,1904,1582,2088,1840,2042,1900,1786,1876
1008,100.7,1766,1707,1895,1594,2089,1839,2030,1900,1792,1881
1009,100.8,1759,1698,1885,1596,2085,1833,2024,1886,1778,1872
1010,100.9,1753,1692,1886,1604,2093,1836,2016,1885,1760,1861
1011,101,1738,1684,1885,1616,2088,1833,2007,1964,1741,1848
1012,101.1,1732,1681,1887,1628,2084,1835,2003,1976,1710,1824
1013,101.2,1728,1676,1886,1637,2087,1836,2002,1985,1695,1822
1014,101.3,1724,1671,1887,1642,2089,1834,1997,1995,1680,1830
1015,101.4,1719,1665,1888,1644,2085,1840,1992,1980,1668,1859
1016,101.5,1721,1666,1894,1643,2086,1844,1985,1975,1660,1905
1017,101.6,1719,1669,1893,1630,2086,1849,1981,1985,1657,1914
1018,101.7,1720,1669,1891,1621,2077,1856,1975,1983,1655,1916
1019,101.8,1718,1678,1891,1615,2081,1854,1972,1989,1652,1942
1020,101.9,1717,1694,1887,1606,2086,1852,1973,1997,1644,1989
1021,102,1712,1704,1887,1596,2082,1855,1975,2003,1633,2018
1022,102.1,1711,1720,1883,1594,2083,1858,1971,1995,1625,1974
1023,102.2,1713,1729,1883,1588,2090,1864,1978,1988,1614,1947
1024,102.3,1711,1742,1883,1580,2074,1864,1998,1978,1602,1935
1025,102.4,1714,1760,1882,1576,2078,1867,2017,1964,1595,1925
1026,102.5,1714,1768,1881,1576,2085,1869,2046,1953,1596,1904
1027,102.6,1716,1757,1880,1577,2081,1864,2071,1921,1590,1859
1028,102.7,1721,1737,1877,1575,2087,1863,2089,1895,1582,1843
1029,102.8,1729,1719,1878,1574,2089,1868,2098,1887,1584,1837
1030,102.9,1740,1710,1877,1578,2079,1874,2100,1858,1581,1836
1031,103,1754,1691,1873,1579,2075,1888,2094,1851,1578,1840
1032,103.1,1769,1680,1872,1576,2086,1899,2096,1850,1576,1848
1033,103.2,1783,1676,1873,1576,2082,1904,2076,1849,1575,1859
1034,103.3,1791,1666,1875,1584,2085,1915,2058,1841,1577,1884
1035,103.4,1801,1658,1876,1596,2089,1920,2059,1839,1579,1914
1036,103.5,1805,1666,1883,1606,2081,1911,2054,1843,1580,1959
1037,103.6,1807,1680,1887,1614,2084,1912,2051,1834,1579,1990
1038,103.7,1810,1690,1899,1623,2085,1903,2038,1835,1572,2014
1039,103.8,1814,1709,1907,1634,2080,1902,2029,1840,1569,2030
1040,103.9,1817,1702,1912,1637,2085,1897,2033,1840,1566,2015
1041,104,1819,1709,1923,1634,2091,1895,2048,1849,1561,1982
1042,104.1,1817,1737,1937,1630,2081,1894,2059,1854,1561,1968
1043,104.2,1813,1776,1937,1628,2085,1892,2059,1854,1556,1960
1044,104.3,1805,1795,1933,1622,2093,1893,2065,1851,1557,1924
1045,104.4,1796,1786,1931,1609,2075,1887,2068,1846,1553,1892
1046,104.5,1785,1813,1928,1601,2087,1886,2053,1843,1553,1864
1047,104.6,1781,1839,1913,1594,2090,1889,2052,1848,1554,1839
1048,104.7,1775,1878,1908,1586,2080,1890,2062,1846,1550,1839
1049,104.8,1769,1910,1896,1578,2087,1889,2070,1849,1549,1837
1050,104.9,1764,1928,1887,1574,2092,1889,2069,1851,1573,1848
1051,105,1761,1933,1883,1576,2086,1890,2075,1849,1598,1867
1052,105.1,1757,1928,1879,1573,2086,1889,2069,1848,1610,1882
1053,105.2,1745,1906,1875,1576,2090,1886,2067,1866,1612,1910
1054,105.3,1735,1893,1876,1572,2083,1885,2063,1914,1623,1939
1055,105.4,1733,1877,1877,1574,2085,1891,2063,1944,1625,1993
1056,105.5,1732,1863,1874,1574,2090,1895,2063,2015,1625,2065
1057,105.6,1734,1861,1874,1571,2085,1909,2059,2058,1616,2062
1058,105.7,1732,1853,1873,1573,2085,1919,2064,2019,1604,1968
1059,105.8,1736,1833,1873,1580,2093,1930,2065,1998,1594,1927
1060,105.9,1728,1828,1873,1585,2083,1932,2062,1967,1587,1890
1061,106,1723,1816,1871,1595,2082,1940,2068,1916,1589,1874
1062,106.1,1718,1807,1870,1606,2093,1940,2067,1885,1595,1870
1063,106.2,1714,1810,1872,1615,2085,1933,2059,1857,1603,1869
1064,106.3,1713,1819,1876,1623,2088,1928,2058,1842,1603,1852
1065,106.4,1715,1815,1879,1627,2098,1927,2055,1831,1602,1840
1066,106.5,1721,1814,1883,1636,2082,1919,2057,1824,1606,1833
1067,106.6,1721,1798,1890,1638,2089,1914,2060,1818,1605,1834
1068,106.7,1726,1775,1900,1637,2093,1904,2066,1817,1604,1829
1069,106.8,1730,1767,1908,1631,2086,1900,2061,1819,1605,1832
1070,106.9,1735,1761,1917,1625,2090,1899,2065,1831,1603,1848
1071,107,1747,1760,1924,1616,2095,1898,2061,1838,1605,1854
1072,107.1,1754,1765,1930,1604,2086,1894,2049,1843,1601,1872
1073,107.2,1764,1764,1933,1593,2085,1892,2060,1845,1602,1890
1074,107.3,1778,1767,1932,1587,2096,1895,2053,1849,1600,1932
1075,107.4,1789,1772,1928,1586,2089,1895,2042,1851,1598,1975
1076,107.5,1801,1773,1925,1584,2094,1893,2048,1856,1602,1991
1077,107.6,1810,1778,1920,1581,2097,1891,2048,1865,1603,1996
1078,107.7,1812,1792,1910,1581,2085,1889,2041,1868,1605,1995
1079,107.8,1813,1802,1902,1581,2091,1895,2036,1872,1603,1987
1080,107.9,1819,1818,1895,1579,2094,1889,2036,1878,1605,1982
1081,108,1820,1839,1887,1575,2084,1891,2036,1874,1598,1960
1082,108.1,1817,1850,1882,1573,2096,1891,2042,1871,1589,1941
1083,108.2,1818,1853,1881,1575,2100,1891,2050,1871,1589,1914
1084,108.3,1814,1850,1884,1579,2087,1898,2056,1867,1589,1884
1085,108.4,1808,1841,1883,1587,2093,1898,2070,1857,1589,1876
1086,108.5,1792,1823,1882,1594,2098,1900,2077,1847,1584,1868
1087,108.6,1778,1808,1881,1609,2088,1910,2100,1839,1582,1862
1088,108.7,1765,1799,1886,1618,2095,1921,2115,1833,1577,1858
1089,108.8,1761,1792,1882,1619,2101,1921,2115,1822,1572,1862
1090,108.9,1755,1793,1878,1625,2088,1929,2118,1816,1569,1863
1091,109,1755,1796,1876,1633,2091,1927,2115,1814,1562,1858
1092,109.1,1746,1802,1877,1639,2096,1921,2113,1811,1558,1855
1093,109.2,1745,1819,1880,1638,2096,1927,2116,1810,1555,1849
1094,109.3,1736,1846,1883,1630,2094,1924,2117,1801,1556,1858
1095,109.4,1725,1868,1889,1624,2098,1914,2111,1796,1559,1921
1096,109.5,1719,1892,1897,1615,2090,1917,2111,1794,1560,1950
1097,109.6,1714,1919,1908,1598,2092,1916,2110,1787,1562,1952
1098,109.7,1712,1949,1916,1590,2101,1915,2102,1781,1564,1950
1099,109.8,1713,1970,1924,1590,2092,1912,2085,1778,1566,1953
1100,109.9,1711,1961,1937,1585,2093,1911,2082,1771,1597,1955
1101,110,1712,1929,1946,1581,2111,1919,2078,1769,1671,1940
1102,110.1,1709,1898,1950,1580,2087,1921,2069,1769,1794,1915
1103,110.2,1704,1879,1948,1579,2095,1922,2073,1772,1848,1915
1104,110.3,1700,1866,1943,1578,2103,1919,2074,1780,1841,1916
1105,110.4,1701,1857,1939,1574,2093,1920,2071,1791,1835,1908
1106,110.5,1708,1828,1926,1575,2099,1920,2067,1811,1814,1905
1107,110.6,1712,1792,1913,1577,2112,1917,2063,1815,1776,1897
1108,110.7,1719,1757,1904,1575,2086,1914,2056,1805,1745,1893
1109,110.8,1733,1730,1893,1576,2096,1913,2060,1809,1718,1891
1110,110.9,1746,1716,1885,1582,2104,1911,2058,1804,1696,1888
1111,111,1755,1714,1880,1585,2093,1914,2062,1792,1678,1868
1112,111.1,1762,1718,1873,1589,2100,1910,2063,1780,1672,1840
1113,111.2,1779,1724,1871,1594,2109,1909,2062,1774,1666,1841
1114,111.3,1787,1739,1870,1607,2094,1911,2062,1776,1666,1863
1115,111.4,1803,1776,1870,1619,2095,1910,2060,1776,1672,1877
1116,111.5,1814,1816,1871,1627,2103,1909,2055,1771,1672,1893
1117,111.6,1827,1860,1868,1631,2094,1911,2053,1766,1668,1914
1118,111.7,1839,1899,1873,1641,2103,1912,2050,1766,1660,1935
1119,111.8,1843,1934,1871,1644,2109,1912,2052,1779,1651,1936
1120,111.9,1838,1964,1870,1639,2092,1917,2053,1790,1645,1937
1121,112,1833,1990,1874,1627,2101,1919,2054,1796,1641,1935
1122,112.1,1827,2013,1878,1616,2104,1923,2060,1801,1637,1936
1123,112.2,1824,2027,1879,1603,2092,1922,2069,1810,1627,1929
1124,112.3,1817,2044,1885,1594,2105,1918,2078,1807,1622,1923
1125,112.4,1806,2060,1893,1582,2111,1916,2077,1814,1614,1918
1126,112.5,1796,2069,1906,1575,2094,1917,2081,1817,1606,1900
1127,112.6,1783,2080,1918,1573,2102,1915,2089,1817,1599,1888
1128,112.7,1769,2093,1932,1565,2115,1911,2093,1826,1595,1877
1129,112.8,1758,2100,1940,1564,2092,1908,2098,1826,1586,1875
1130,112.9,1746,2116,1949,1564,2105,1908,2099,1824,1575,1877
1131,113,1745,2118,1958,1566,2112,1916,2087,1828,1574,1886
1132,113.1,1742,2127,1963,1564,2096,1915,2078,1832,1575,1899
1133,113.2,1738,2129,1964,1563,2105,1920,2066,1824,1567,1910
1134,113.3,1730,2137,1966,1566,2110,1923,2054,1830,1561,1905
1135,113.4,1728,2130,1961,1566,2110,1921,2046,1830,1550,1878
1136,113.5,1718,2101,1960,1576,2110,1915,2042,1834,1545,1875
1137,113.6,1707,2066,1967,1578,2116,1909,2038,1840,1541,1872
1138,113.7,1708,2033,1986,1591,2097,1905,2036,1840,1545,1877
1139,113.8,1708,1992,2010,1603,2107,1902,2035,1840,1545,1875
1140,113.9,1710,1959,2046,1610,2111,1900,2036,1844,1540,1878
1141,114,1709,1943,2090,1620,2101,1900,2041,1853,1534,1868
1142,114.1,1712,1925,2137,1630,2122,1898,2028,1856,1529,1856
1143,114.2,1711,1909,2185,1640,2122,1903,2029,1862,1526,1850
1144,114.3,1708,1895,2234,1643,2095,1910,2029,1873,1522,1847
1145,114.4,1705,1884,2288,1645,2111,1915,2030,1876,1521,1842
1146,114.5,1705,1870,2316,1640,2117,1920,2028,1881,1516,1851
1147,114.6,1707,1854,2326,1643,2107,1926,2032,1881,1515,1873
1148,114.7,1715,1841,2323,1633,2118,1934,2031,1884,1509,1886
1149,114.8,1723,1830,2318,1626,2139,1940,2034,1890,1508,1893
1150,114.9,1741,1823,2318,1614,2103,1949,2032,1889,1503,1889
1151,115,1756,1810,2314,1602,2108,1963,2030,1897,1501,1878
1152,115.1,1770,1807,2294,1593,2118,1973,2030,1893,1504,1872
1153,115.2,1778,1801,2272,1578,2108,1986,2030,1891,1510,1861
1154,115.3,1784,1793,2238,1571,2129,1993,2026,1891,1515,1853
1155,115.4,1789,1785,2186,1574,2129,2003,2030,1890,1522,1849
1156,115.5,1799,1779,2142,1571,2109,2010,2042,1885,1546,1842
1157,115.6,1808,1770,2117,1571,2112,2017,2050,1884,1580,1837
1158,115.7,1819,1757,2095,1571,2129,2022,2070,1871,1621,1839
1159,115.8,1824,1748,2057,1569,2098,2016,2079,1895,1633,1840
1160,115.9,1829,1744,2020,1566,2109,2000,2093,1924,1615,1838
1161,116,1828,1736,1996,1564,2110,1989,2101,1937,1610,1844
1162,116.1,1821,1739,1967,1567,2095,1980,2112,1970,1607,1856
1163,116.2,1811,1749,1945,1569,2096,1971,2121,1968,1604,1863
1164,116.3,1809,1770,1921,1568,2092,1964,2125,1970,1603,1870
1165,116.4,1807,1786,1896,1570,2082,1954,2124,1992,1602,1867
1166,116.5,1795,1800,1894,1575,2078,1947,2122,2003,1601,1868
1167,116.6,1788,1815,1910,1587,2087,1939,2116,1999,1593,1866
1168,116.7,1777,1822,1952,1599,2085,1934,2098,1991,1590,1868
1169,116.8,1766,1829,1981,1600,2082,1932,2084,1974,1584,1866
1170,116.9,1752,1835,1995,1609,2093,1928,2072,1969,1589,1857
1171,117,1742,1841,2013,1619,2081,1924,2063,1974,1591,1855
1172,117.1,1733,1847,2015,1623,2081,1927,2055,1967,1587,1848
1173,117.2,1726,1852,2004,1629,2088,1923,2054,1964,1589,1848
1174,117.3,1723,1859,2004,1635,2091,1922,2044,1963,1590,1846
1175,117.4,1718,1866,2013,1642,2085,1919,2040,1958,1584,1844
1176,117.5,1714,1868,1999,1639,2089,1917,2037,1960,1586,1849
1177,117.6,1712,1871,1967,1635,2084,1920,2031,1953,1589,1850
1178,117.7,1708,1869,1925,1622,2079,1918,2022,1950,1582,1857
1179,117.8,1705,1864,1910,1611,2087,1916,2017,1951,1583,1856
1180,117.9,1701,1852,1914,1610,2092,1919,2017,1951,1585,1868
1181,118,1700,1834,1907,1597,2083,1922,2018,1945,1575,1890
1182,118.1,1701,1821,1899,1589,2092,1930,2016,1937,1579,1891
1183,118.2,1702,1804,1897,1586,2086,1937,2018,1936,1576,1881
1184,118.3,1704,1789,1895,1578,2082,1950,2016,1936,1571,1873
1185,118.4,1702,1773,1891,1573,2087,1959,2014,1940,1574,1883
1186,118.5,1702,1764,1889,1566,2088,1973,2017,1942,1569,1905
1187,118.6,1704,1760,1894,1564,2083,1986,2007,1941,1568,1914
1188,118.7,1705,1750,1892,1566,2092,1997,2006,1935,1572,1919
1189,118.8,1713,1736,1882,1567,2090,2012,2006,1935,1564,1920
1190,118.9,1726,1732,1873,1561,2083,2021,2016,1934,1563,1909
1191,119,1745,1728,1878,1567,2085,2026,2025,1931,1569,1884
1192,119.1,1763,1725,1885,1566,2084,2017,2035,1926,1564,1875
1193,119.2,1776,1728,1880,1566,2076,1998,2047,1909,1563,1870
1194,119.3,1792,1732,1877,1566,2080,1982,2060,1906,1565,1867
1195,119.4,1798,1736,1875,1567,2086,1969,2072,1909,1562,1863
1196,119.5,1806,1751,1875,1574,2076,1965,2080,1910,1558,1858
1197,119.6,1815,1768,1875,1588,2081,1964,2083,1902,1554,1855
1198,119.7,1825,1774,1869,1593,2087,1963,2085,1895,1555,1857
1199,119.8,1835,1790,1869,1600,2082,1963,2085,1889,1555,1852
1200,119.9,1844,1804,1866,1608,2085,1952,2082,1886,1554,1851
1201,120,1849,1820,1866,1619,2080,1950,2076,1883,1553,1852
1202,120.1,1844,1838,1869,1620,2076,1945,2062,1873,1551,1862
1203,120.2,1832,1853,1862,1622,2084,1940,2048,1876,1550,1872
1204,120.3,1819,1867,1864,1622,2091,1935,2041,1873,1552,1887
1205,120.4,1804,1883,1865,1626,2085,1930,2031,1866,1551,1899
1206,120.5,1797,1885,1865,1621,2087,1929,2019,1862,1553,1903
1207,120.6,1787,1869,1863,1610,2085,1930,2017,1853,1553,1922
1208,120.7,1774,1849,1859,1598,2077,1925,2011,1849,1551,1939
1209,120.8,1765,1830,1857,1590,2083,1921,2009,1844,1553,1948
1210,120.9,1754,1806,1855,1586,2091,1918,2008,1839,1554,1943
1211,121,1747,1795,1858,1574,2082,1918,2011,1836,1556,1943
1212,121.1,1736,1781,1857,1565,2093,1915,2007,1838,1572,1940
1213,121.2,1725,1762,1856,1566,2080,1917,2007,1832,1620,1932
1214,121.3,1722,1744,1861,1567,2076,1916,1998,1830,1699,1919
1215,121.4,1721,1730,1859,1563,2087,1915,1998,1848,1821,1912
1216,121.5,1721,1719,1856,1564,2094,1915,1998,1870,2004,1901
1217,121.6,1724,1718,1858,1566,2082,1912,1998,1870,2157,1904
1218,121.7,1721,1716,1857,1566,2088,1907,1998,1858,2134,1901
1219,121.8,1723,1705,1856,1563,2087,1908,2003,1821,2065,1879
1220,121.9,1719,1718,1856,1559,2074,1906,2003,1818,2035,1863
1221,122,1718,1731,1857,1557,2086,1905,2005,1893,1993,1852
1222,122.1,1723,1750,1852,1565,2093,1911,2000,1907,1952,1849
1223,122.2,1727,1784,1861,1570,2083,1917,1997,1903,1923,1852
1224,122.3,1735,1819,1861,1573,2089,1916,2000,1913,1923,1848
1225,122.4,1745,1839,1858,1583,2088,1916,2012,1920,1910,1851
1226,122.5,1756,1875,1866,1592,2077,1916,2020,1911,1893,1845
1227,122.6,1765,1889,1861,1605,2084,1914,2032,1904,1867,1839
1228,122.7,1771,1896,1855,1609,2093,1909,2044,1902,1844,1849
1229,122.8,1780,1899,1855,1617,2082,1899,2051,1900,1832,1858
1230,122.9,1793,1889,1853,1621,2089,1894,2066,1892,1816,1863
1231,123,1808,1863,1851,1632,2087,1898,2079,1875,1791,1884
1232,123.1,1823,1849,1851,1632,2081,1905,2078,1868,1767,1924
1233,123.2,1836,1836,1857,1630,2089,1906,2087,1877,1758,1948
1234,123.3,1851,1813,1854,1630,2096,1905,2086,1883,1741,1963
1235,123.4,1858,1812,1860,1626,2083,1905,2081,1876,1717,1988
1236,123.5,1854,1798,1867,1613,2089,1905,2068,1868,1698,2009
1237,123.6,1847,1775,1869,1601,2091,1910,2063,1867,1678,2001
1238,123.7,1843,1770,1877,1591,2082,1916,2044,1885,1658,1981
1239,123.8,1837,1767,1887,1581,2088,1927,2038,1906,1651,1969
1240,123.9,1830,1752,1897,1580,2104,1935,2032,1927,1643,1943
1241,124,1827,1760,1896,1577,2079,1940,2028,1933,1648,1920
1242,124.1,1815,1750,1893,1574,2091,1942,2031,1933,1650,1903
1243,124.2,1807,1742,1886,1571,2092,1940,2040,1922,1654,1887
1244,124.3,1791,1739,1885,1572,2083,1934,2035,1911,1656,1876
1245,124.4,1774,1742,1879,1573,2089,1930,2043,1893,1659,1860
1246,124.5,1768,1727,1878,1565,2097,1923,2042,1877,1657,1833
1247,124.6,1767,1724,1877,1564,2089,1919,2039,1863,1659,1825
1248,124.7,1751,1721,1874,1569,2091,1913,2043,1849,1659,1818
1249,124.8,1750,1713,1870,1572,2090,1908,2037,1848,1655,1812
1250,124.9,1746,1709,1867,1574,2083,1904,2026,1865,1656,1813
1251,125,1740,1712,1861,1578,2090,1897,2033,1875,1651,1814
1252,125.1,1737,1707,1860,1586,2098,1897,2032,1868,1649,1826
1253,125.2,1728,1712,1864,1599,2083,1895,2029,1864,1646,1835
1254,125.3,1725,1720,1860,1603,2098,1896,2031,1856,1641,1867
1255,125.4,1724,1725,1863,1610,2090,1899,2027,1860,1643,1901
1256,125.5,1723,1722,1862,1613,2080,1894,2027,1860,1641,1939
1257,125.6,1725,1718,1865,1620,2093,1897,2028,1868,1637,1955
1258,125.7,1725,1707,1860,1630,2103,1894,2026,1871,1636,1946
1259,125.8,1724,1707,1860,1633,2086,1893,2032,1869,1638,1929
1260,125.9,1726,1708,1855,1629,2095,1890,2046,1870,1638,1911
1261,126,1725,1707,1855,1628,2098,1889,2061,1877,1638,1911
1262,126.1,1727,1707,1855,1624,2079,1889,2071,1885,1640,1907
1263,126.2,1734,1713,1855,1614,2093,1892,2087,1885,1639,1906
1264,126.3,1742,1720,1855,1599,2102,1895,2097,1881,1637,1891
1265,126.4,1757,1735,1857,1592,2089,1901,2104,1880,1636,1870
1266,126.5,1774,1748,1855,1588,2095,1914,2117,1882,1629,1863
1267,126.6,1788,1753,1857,1581,2095,1922,2116,1884,1627,1868
1268,126.7,1805,1765,1859,1577,2083,1933,2112,1888,1626,1856
1269,126.8,1811,1769,1857,1574,2093,1945,2119,1885,1622,1845
1270,126.9,1816,1760,1856,1574,2103,1950,2108,1885,1624,1840
1271,127,1828,1753,1855,1569,2090,1962,2092,1888,1633,1833
1272,127.1,1842,1748,1857,1566,2098,1966,2082,1890,1648,1831
1273,127.2,1849,1741,1861,1559,2099,1967,2077,1889,1687,1830
1274,127.3,1861,1738,1859,1560,2088,1966,2075,1881,1741,1874
1275,127.4,1868,1735,1866,1563,2096,1957,2079,1890,1809,1937
1276,127.5,1873,1730,1863,1561,2098,1949,2075,1911,1833,1943
1277,127.6,1867,1722,1864,1563,2095,1940,2071,1934,1795,1931
1278,127.7,1860,1719,1864,1565,2098,1926,2073,1972,1779,1906
1279,127.8,1849,1715,1861,1562,2100,1916,2068,2036,1770,1935
1280,127.9,1846,1718,1859,1568,2087,1910,2062,2090,1757,1987
1281,128,1839,1718,1859,1568,2098,1905,2057,2083,1745,2014
1282,128.1,1831,1717,1861,1573,2115,1901,2057,2067,1729,1989
1283,128.2,1826,1716,1856,1580,2083,1900,2061,2064,1714,1937
1284,128.3,1815,1715,1859,1589,2100,1899,2057,2076,1705,1896
1285,128.4,1798,1710,1859,1600,2101,1898,2050,2085,1698,1894
1286,128.5,1774,1703,1859,1606,2085,1895,2054,2070,1688,1887
1287,128.6,1761,1701,1860,1611,2099,1891,2054,2047,1681,1845
1288,128.7,1750,1702,1861,1624,2108,1891,2055,2043,1683,1831
1289,128.8,1745,1705,1869,1631,2101,1890,2058,2057,1685,1828
1290,128.9,1742,1707,1872,1633,2102,1891,2056,2051,1688,1826
1291,129,1736,1707,1874,1633,2101,1889,2056,2054,1683,1816
1292,129.1,1732,1708,1885,1631,2089,1889,2061,2052,1672,1814
1293,129.2,1728,1705,1899,1630,2097,1890,2057,2039,1661,1814
1294,129.3,1723,1704,1913,1626,2112,1891,2064,2020,1656,1813
1295,129.4,1722,1705,1930,1614,2090,1893,2067,2017,1652,1809
1296,129.5,1717,1702,1939,1601,2118,1892,2077,2029,1641,1813
1297,129.6,1717,1694,1948,1591,2101,1892,2083,2045,1631,1829
1298,129.7,1721,1692,1947,1586,2090,1890,2090,2056,1618,1857
1299,129.8,1728,1694,1947,1578,2103,1890,2094,2050,1612,1879
1300,129.9,1737,1693,1937,1569,2115,1891,2101,2031,1605,1886
1301,130,1751,1695,1925,1562,2095,1892,2100,2034,1597,1893
1302,130.1,1759,1695,1904,1562,2106,1891,2098,2056,1595,1914
1303,130.2,1768,1695,1886,1564,2111,1890,2096,2069,1592,1942
1304,130.3,1779,1699,1878,1562,2090,1892,2095,2072,1579,1960
1305,130.4,1795,1697,1872,1564,2108,1894,2081,2058,1552,1967
1306,130.5,1808,1691,1872,1563,2122,1900,2070,2046,1531,1968
1307,130.6,1822,1686,1870,1566,2100,1910,2064,2022,1515,1958
1308,130.7,1837,1686,1870,1561,2113,1917,2053,2012,1507,1936
1309,130.8,1848,1683,1870,1558,2114,1927,2046,2010,1502,1909
1310,130.9,1854,1685,1869,1561,2096,1931,2034,2008,1500,1881
1311,131,1854,1689,1865,1567,2106,1929,2028,2009,1502,1868
1312,131.1,1851,1686,1861,1573,2125,1930,2025,2016,1501,1862
1313,131.2,1850,1688,1860,1576,2100,1930,2023,2014,1504,1855
1314,131.3,1840,1685,1859,1588,2117,1925,2022,2006,1509,1846
1315,131.4,1834,1685,1857,1595,2113,1921,2025,2003,1510,1837
1316,131.5,1825,1674,1861,1603,2097,1911,2023,1995,1517,1835
1317,131.6,1809,1668,1862,1609,2115,1904,2023,1986,1527,1836
1318,131.7,1793,1666,1862,1614,2128,1902,2020,1982,1530,1838
1319,131.8,1772,1672,1862,1616,2100,1897,2018,1966,1535,1852
1320,131.9,1758,1678,1861,1622,2118,1896,2011,1949,1534,1866
1321,132,1750,1681,1860,1626,2116,1897,2012,1941,1537,1872
1322,132.1,1745,1681,1861,1620,2102,1897,2015,1946,1539,1882
1323,132.2,1739,1683,1858,1614,2118,1893,2023,1949,1543,1892
1324,132.3,1735,1682,1858,1610,2151,1893,2021,1950,1547,1918
1325,132.4,1731,1685,1857,1602,2105,1890,2022,1956,1550,1925
1326,132.5,1725,1681,1856,1588,2123,1888,2022,1949,1550,1909
1327,132.6,1720,1675,1857,1579,2122,1888,2021,1946,1550,1899
1328,132.7,1716,1677,1860,1574,2101,1891,2025,1944,1554,1895
1329,132.8,1714,1683,1861,1575,2122,1887,2028,1938,1550,1887
1330,132.9,1709,1687,1860,1569,2140,1890,2041,1937,1544,1887
1331,133,1714,1686,1861,1570,2117,1893,2047,1931,1547,1880
1332,133.1,1714,1686,1863,1569,2130,1890,2057,1923,1545,1873
1333,133.2,1714,1686,1866,1568,2126,1889,2064,1920,1545,1870
1334,133.3,1715,1686,1867,1568,2105,1890,2076,1918,1547,1867
1335,133.4,1721,1684,1868,1564,2128,1887,2084,1917,1544,1864
1336,133.5,1726,1677,1872,1564,2119,1884,2083,1915,1546,1864
1337,133.6,1733,1673,1871,1566,2096,1886,2087,1914,1548,1858
1338,133.7,1751,1676,1871,1576,2104,1890,2088,1905,1546,1852
1339,133.8,1766,1674,1868,1579,2098,1888,2081,1901,1553,1863
1340,133.9,1786,1675,1867,1585,2088,1895,2071,1900,1551,1873
1341,134,1799,1675,1865,1596,2089,1894,2063,1891,1557,1879
1342,134.1,1817,1677,1863,1609,2091,1902,2057,1893,1558,1882
1343,134.2,1824,1678,1865,1616,2088,1907,2055,1888,1562,1891
1344,134.3,1824,1681,1866,1621,2085,1911,2056,1885,1557,1902
1345,134.4,1827,1682,1866,1626,2095,1919,2047,1882,1561,1906
1346,134.5,1834,1681,1863,1631,2084,1922,2043,1878,1563,1909
1347,134.6,1834,1698,1859,1627,2086,1928,2040,1878,1561,1896
1348,134.7,1832,1724,1859,1625,2093,1928,2030,1874,1567,1883
1349,134.8,1830,1753,1863,1613,2092,1923,2032,1876,1566,1875
1350,134.9,1827,1784,1863,1599,2089,1916,2041,1877,1564,1864
1351,135,1815,1804,1861,1593,2093,1912,2042,1875,1567,1855
1352,135.1,1799,1827,1862,1580,2091,1904,2029,1879,1568,1849
1353,135.2,1791,1852,1863,1573,2089,1899,2020,1877,1569,1845
1354,135.3,1783,1876,1859,1566,2092,1896,2027,1877,1575,1840
1355,135.4,1777,1889,1858,1568,2090,1894,2035,1876,1583,1834
1356,135.5,1776,1907,1858,1566,2088,1897,2042,1881,1584,1846
1357,135.6,1767,1926,1860,1562,2095,1892,2039,1888,1594,1870
1358,135.7,1761,1938,1858,1563,2088,1894,2036,1893,1596,1919
1359,135.8,1752,1950,1861,1567,2093,1889,2043,1893,1595,1945
1360,135.9,1741,1958,1864,1565,2088,1893,2051,1892,1611,1954
1361,136,1735,1951,1869,1562,2089,1890,2060,1899,1606,1947
1362,136.1,1730,1930,1870,1561,2085,1890,2053,1903,1604,1940
1363,136.2,1729,1896,1882,1565,2096,1887,2049,1915,1607,1934
1364,136.3,1727,1865,1888,1568,2093,1887,2041,1919,1607,1922
1365,136.4,1729,1845,1892,1578,2090,1887,2041,1919,1608,1909
1366,136.5,1727,1829,1899,1583,2090,1888,2049,1922,1609,1901
1367,136.6,1726,1815,1899,1593,2082,1887,2066,1920,1611,1891
1368,136.7,1723,1806,1895,1604,2082,1887,2075,1930,1600,1884
1369,136.8,1716,1792,1892,1615,2085,1888,2076,1928,1595,1875
1370,136.9,1714,1784,1888,1621,2087,1891,2083,1925,1593,1847
1371,137,1715,1779,1886,1623,2084,1894,2088,1922,1595,1825
1372,137.1,1719,1763,1883,1628,2084,1901,2091,1922,1599,1830
1373,137.2,1719,1754,1880,1637,2085,1907,2098,1926,1604,1834
1374,137.3,1724,1751,1876,1640,2079,1914,2104,1929,1598,1841
1375,137.4,1733,1747,1877,1632,2083,1918,2113,1926,1597,1849
1376,137.5,1739,1744,1872,1624,2089,1928,2127,1924,1603,1851
1377,137.6,1746,1744,1868,1611,2083,1936,2132,1924,1607,1864
1378,137.7,1761,1744,1865,1601,2083,1939,2131,1925,1616,1870
1379,137.8,1776,1737,1866,1591,2086,1939,2134,1926,1617,1886
1380,137.9,1793,1739,1863,1577,2082,1931,2137,1932,1613,1909
1381,138,1809,1737,1863,1573,2086,1925,2140,1941,1615,1924
1382,138.1,1831,1729,1864,1572,2088,1919,2142,1941,1613,1929
1383,138.2,1852,1726,1863,1567,2085,1913,2143,1945,1610,1949
1384,138.3,1866,1725,1866,1566,2087,1906,2128,1946,1612,1936
1385,138.4,1873,1722,1867,1564,2088,1903,2110,1943,1608,1920
1386,138.5,1878,1724,1865,1565,2082,1897,2099,1942,1605,1907
1387,138.6,1890,1724,1864,1565,2103,1898,2093,1936,1607,1905
1388,138.7,1895,1721,1863,1558,2084,1895,2086,1935,1606,1904
1389,138.8,1893,1722,1869,1557,2082,1889,2079,1939,1604,1906
1390,138.9,1893,1723,1868,1556,2087,1886,2069,1934,1605,1903
1391,139,1891,1720,1873,1563,2091,1889,2067,1934,1602,1894
1392,139.1,1883,1721,1877,1566,2082,1889,2060,1930,1600,1883
1393,139.2,1872,1713,1876,1576,2089,1889,2057,1928,1601,1874
1394,139.3,1864,1709,1883,1588,2094,1890,2058,1925,1607,1870
1395,139.4,1860,1710,1897,1598,2084,1888,2056,1928,1607,1875
1396,139.5,1857,1711,1907,1605,2085,1889,2054,1929,1606,1879
1397,139.6,1854,1709,1915,1609,2088,1890,2051,1931,1608,1879
1398,139.7,1852,1715,1921,1617,2083,1885,2045,1927,1615,1888
1399,139.8,1851,1714,1920,1622,2091,1885,2039,1924,1620,1901
1400,139.9,1846,1712,1913,1629,2094,1880,2039,1924,1629,1914
1401,140,1835,1716,1909,1626,2091,1883,2034,1928,1648,1921
1402,140.1,1822,1716,1907,1620,2083,1883,2038,1934,1659,1926
1403,140.2,1820,1708,1895,1613,2089,1884,2040,1951,1676,1930
1404,140.3,1821,1707,1890,1605,2083,1888,2040,1963,1685,1934
1405,140.4,1821,1705,1883,1588,2090,1894,2038,1982,1699,1935
1406,140.5,1820,1698,1874,1575,2092,1898,2039,2002,1713,1936
1407,140.6,1822,1706,1871,1570,2087,1903,2028,2028,1732,1938
1408,140.7,1815,1712,1866,1569,2088,1907,2035,2044,1751,1938
1409,140.8,1800,1710,1863,1566,2088,1914,2031,2065,1778,1937
1410,140.9,1779,1720,1861,1564,2083,1920,2035,2078,1798,1936
1411,141,1772,1725,1860,1567,2092,1928,2038,2086,1787,1933
1412,141.1,1768,1721,1864,1564,2095,1932,2049,2086,1759,1927
1413,141.2,1765,1729,1864,1566,2087,1932,2053,2085,1740,1918
1414,141.3,1752,1729,1866,1565,2089,1929,2075,2112,1727,1913
1415,141.4,1733,1715,1864,1559,2091,1925,2086,2154,1709,1909
1416,141.5,1722,1725,1864,1557,2079,1915,2083,2167,1697,1910
1417,141.6,1722,1724,1864,1559,2092,1907,2092,2145,1682,1910
1418,141.7,1723,1715,1863,1565,2096,1903,2101,2141,1677,1922
1419,141.8,1727,1720,1867,1569,2084,1899,2097,2151,1665,1936
1420,141.9,1729,1724,1871,1575,2092,1894,2109,2162,1653,1962
1421,142,1741,1715,1876,1584,2094,1890,2113,2167,1644,1992
1422,142.1,1756,1721,1890,1597,2088,1891,2108,2170,1643,2029
1423,142.2,1771,1722,1903,1603,2086,1890,2115,2169,1634,2024
1424,142.3,1788,1713,1916,1608,2107,1888,2100,2154,1623,1948
1425,142.4,1797,1708,1930,1616,2088,1886,2076,2144,1611,1911
1426,142.5,1805,1702,1936,1623,2090,1884,2079,2137,1601,1888
1427,142.6,1821,1704,1935,1633,2095,1884,2064,2133,1592,1875
1428,142.7,1828,1706,1928,1632,2088,1883,2046,2123,1584,1875
1429,142.8,1840,1707,1920,1629,2102,1886,2041,2112,1582,1871
1430,142.9,1858,1707,1908,1626,2094,1884,2033,2105,1578,1871
1431,143,1866,1710,1895,1618,2088,1885,2019,2094,1578,1861
1432,143.1,1867,1714,1887,1604,2093,1886,2024,2082,1570,1859
1433,143.2,1866,1718,1876,1591,2097,1887,2015,2063,1569,1849
1434,143.3,1857,1720,1871,1586,2089,1884,2007,2058,1565,1847
1435,143.4,1853,1720,1870,1580,2097,1886,2011,2041,1565,1848
1436,143.5,1845,1725,1871,1578,2103,1891,2010,2030,1572,1863
1437,143.6,1840,1737,1866,1572,2091,1896,2004,2027,1575,1898
1438,143.7,1831,1746,1864,1569,2095,1905,2007,2024,1582,1920
1439,143.8,1815,1752,1863,1572,2098,1909,2010,2010,1580,1916
1440,143.9,1798,1757,1864,1569,2087,1915,2007,1987,1580,1903
1441,144,1785,1749,1861,1562,2100,1924,2008,1980,1582,1885
1442,144.1,1774,1742,1862,1560,2100,1922,2004,1975,1583,1880
1443,144.2,1772,1742,1861,1558,2098,1919,2001,1973,1583,1876
1444,144.3,1768,1739,1861,1558,2091,1922,2005,1964,1583,1874
1445,144.4,1766,1726,1862,1562,2098,1907,2003,1959,1583,1864
1446,144.5,1762,1723,1870,1560,2088,1906,2005,1944,1583,1860
1447,144.6,1757,1722,1882,1569,2099,1909,2013,1923,1589,1858
1448,144.7,1750,1723,1895,1575,2102,1905,2024,1906,1585,1857
1449,144.8,1742,1722,1909,1583,2091,1905,2032,1895,1590,1863
1450,144.9,1739,1721,1920,1593,2097,1904,2039,1887,1585,1873
1451,145,1736,1719,1929,1598,2097,1899,2043,1873,1583,1898
1452,145.1,1738,1722,1942,1607,2088,1904,2049,1853,1582,1915
1453,145.2,1735,1718,1949,1615,2101,1900,2057,1840,1583,1913
1454,145.3,1733,1721,1950,1624,2104,1894,2067,1834,1578,1910
1455,145.4,1731,1711,1940,1627,2092,1890,2072,1836,1580,1898
1456,145.5,1723,1709,1934,1630,2096,1890,2075,1847,1575,1894
1457,145.6,1720,1709,1914,1632,2101,1886,2076,1861,1575,1888
1458,145.7,1721,1709,1897,1627,2091,1886,2063,1860,1575,1876
1459,145.8,1718,1707,1885,1619,2100,1884,2053,1864,1578,1870
1460,145.9,1722,1712,1879,1606,2105,1883,2040,1870,1577,1862
1461,146,1727,1711,1875,1597,2097,1883,2031,1876,1582,1854
1462,146.1,1736,1711,1876,1592,2100,1878,2019,1880,1580,1849
1463,146.2,1748,1712,1873,1583,2106,1880,2009,1877,1580,1847
1464,146.3,1761,1699,1874,1577,2092,1879,2009,1871,1584,1855
1465,146.4,1767,1693,1876,1571,2102,1879,2006,1863,1584,1874
1466,146.5,1777,1699,1873,1571,2103,1881,1999,1853,1582,1882
1467,146.6,1789,1711,1869,1571,2095,1878,1995,1855,1584,1886
1468,146.7,1802,1725,1866,1566,2102,1879,1992,1857,1595,1883
1469,146.8,1816,1744,1868,1561,2104,1880,1994,1858,1607,1881
1470,146.9,1831,1767,1867,1560,2093,1878,1989,1865,1657,1885
1471,147,1842,1792,1870,1559,2116,1882,1993,1867,1714,1884
1472,147.1,1855,1801,1882,1562,2109,1887,1995,1859,1724,1881
1473,147.2,1852,1791,1898,1567,2096,1890,1994,1864,1704,1881
1474,147.3,1852,1778,1913,1574,2103,1896,1999,1883,1698,1875
1475,147.4,1848,1765,1928,1583,2107,1905,1998,1954,1689,1872
1476,147.5,1845,1753,1938,1597,2092,1908,1998,1985,1676,1866
1477,147.6,1839,1746,1946,1608,2109,1917,1997,1973,1668,1859
1478,147.7,1832,1741,1954,1611,2121,1914,2004,1977,1659,1862
1479,147.8,1824,1736,1953,1615,2092,1916,2018,1976,1658,1876
1480,147.9,1814,1734,1949,1623,2109,1912,2029,1964,1657,1903
1481,148,1797,1732,1934,1629,2109,1912,2040,1944,1649,1908
1482,148.1,1782,1733,1918,1627,2097,1902,2053,1916,1642,1899
1483,148.2,1772,1728,1897,1623,2110,1894,2059,1903,1644,1898
1484,148.3,1762,1726,1893,1614,2115,1890,2071,1896,1640,1895
1485,148.4,1757,1743,1883,1606,2115,1888,2084,1895,1643,1897
1486,148.5,1752,1767,1882,1592,2104,1884,2092,1876,1642,1894
1487,148.6,1746,1789,1878,1573,2109,1881,2104,1867,1644,1894
1488,148.7,1742,1817,1871,1557,2100,1879,2109,1857,1642,1894
1489,148.8,1737,1839,1871,1551,2114,1879,2111,1850,1640,1891
1490,148.9,1730,1868,1872,1557,2118,1880,2108,1847,1638,1889
1491,149,1723,1890,1868,1556,2099,1879,2096,1843,1635,1883
1492,149.1,1719,1913,1870,1552,2108,1880,2083,1846,1635,1873
1493,149.2,1718,1935,1867,1556,2110,1881,2074,1851,1628,1877
1494,149.3,1721,1952,1869,1555,2099,1879,2068,1859,1626,1871
1495,149.4,1721,1965,1872,1556,2116,1879,2054,1866,1622,1858
1496,149.5,1721,1974,1874,1551,2121,1877,2046,1858,1620,1858
1497,149.6,1720,1986,1875,1552,2106,1877,2044,1868,1617,1861
1498,149.7,1722,1996,1886,1553,2112,1879,2039,1883,1614,1859
1499,149.8,1720,2003,1900,1562,2121,1875,2033,1897,1610,1858
1500,149.9,1723,1990,1908,1573,2096,1876,2036,1907,1608,1851
1501,150,1727,1960,1925,1586,2121,1876,2030,1913,1597,1851
1502,150.1,1734,1937,1939,1606,2125,1876,2030,1919,1598,1852
1503,150.2,1748,1914,1948,1619,2108,1876,2026,1921,1594,1859
1504,150.3,1759,1884,1957,1628,2116,1881,2017,1924,1599,1879
1505,150.4,1773,1865,1957,1627,2122,1881,2015,1932,1598,1902
1506,150.5,1787,1850,1947,1626,2106,1887,2015,1938,1593,1920
1507,150.6,1792,1835,1933,1622,2127,1890,2012,1932,1587,1933
1508,150.7,1799,1817,1912,1621,2126,1897,2016,1937,1586,1931
1509,150.8,1811,1802,1894,1616,2107,1902,2024,1934,1584,1905
1510,150.9,1823,1790,1886,1609,2122,1904,2030,1932,1584,1889
1511,151,1837,1783,1881,1607,2127,1901,2044,1938,1582,1884
1512,151.1,1852,1774,1879,1599,2106,1898,2047,1937,1582,1885
1513,151.2,1859,1762,1873,1591,2108,1900,2052,1938,1580,1883
1514,151.3,1862,1750,1874,1583,2109,1892,2065,1939,1581,1884
1515,151.4,1852,1742,1875,1576,2091,1888,2071,1934,1582,1883
1516,151.5,1842,1736,1870,1571,2090,1883,2073,1935,1585,1886
1517,151.6,1833,1725,1868,1567,2092,1883,2077,1934,1587,1894
1518,151.7,1824,1720,1864,1562,2086,1879,2079,1929,1595,1898
1519,151.8,1811,1717,1860,1558,2084,1879,2071,1924,1609,1902
1520,151.9,1804,1715,1863,1564,2088,1878,2061,1914,1645,1883
1521,152,1797,1714,1865,1559,2084,1877,2045,1901,1700,1872
1522,152.1,1784,1708,1866,1550,2087,1878,2035,1912,1768,1875
1523,152.2,1773,1706,1869,1553,2091,1875,2022,1923,1769,1886
1524,152.3,1758,1708,1878,1557,2090,1874,2012,1915,1757,1905
1525,152.4,1750,1715,1891,1552,2086,1875,2008,1932,1743,1920
1526,152.5,1748,1728,1903,1556,2089,1879,2005,2024,1727,1935
1527,152.6,1747,1747,1915,1559,2089,1886,2006,2021,1716,1940
1528,152.7,1746,1768,1925,1558,2085,1893,2007,2008,1708,1945
1529,152.8,1739,1792,1935,1563,2091,1897,2011,2009,1695,1942
1530,152.9,1737,1803,1946,1569,2089,1904,2002,2015,1694,1938
1531,153,1732,1803,1957,1577,2087,1907,2002,2019,1692,1936
1532,153.1,1728,1794,1959,1589,2089,1913,2005,1997,1697,1933
1533,153.2,1722,1782,1953,1596,2090,1911,2002,1977,1693,1904
1534,153.3,1719,1771,1946,1610,2091,1905,2006,1986,1685,1894
1535,153.4,1717,1762,1920,1621,2091,1903,2011,1990,1687,1886
1536,153.5,1720,1749,1899,1621,2089,1897,2005,1990,1692,1884
1537,153.6,1720,1739,1888,1616,2086,1894,2006,1992,1690,1874
1538,153.7,1719,1736,1883,1607,2089,1890,2007,1988,1686,1861
1539,153.8,1723,1732,1878,1600,2088,1887,2010,1980,1676,1861
1540,153.9,1725,1729,1874,1591,2089,1884,2020,1981,1654,1860
1541,154,1729,1730,1869,1580,2103,1884,2027,1991,1643,1877
1542,154.1,1738,1726,1869,1572,2085,1882,2038,2003,1636,1902
1543,154.2,1752,1726,1869,1571,2083,1882,2051,2009,1617,1908
1544,154.3,1764,1725,1867,1564,2091,1879,2065,1997,1605,1902
1545,154.4,1778,1724,1863,1557,2089,1880,2080,1973,1591,1892
1546,154.5,1795,1718,1861,1554,2079,1882,2084,1980,1588,1897
1547,154.6,1811,1715,1859,1555,2087,1882,2088,1984,1582,1903
1548,154.7,1819,1712,1861,1555,2092,1878,2089,1982,1583,1908
1549,154.8,1821,1713,1865,1557,2076,1880,2086,1981,1592,1893
1550,154.9,1827,1712,1867,1561,2080,1879,2078,1971,1601,1879
1551,155,1832,1712,1878,1562,2086,1878,2072,1956,1609,1865
1552,155.1,1838,1713,1894,1560,2082,1880,2059,1935,1612,1857
1553,155.2,1838,1717,1908,1559,2088,1873,2052,1932,1612,1854
1554,155.3,1833,1714,1920,1564,2091,1872,2039,1933,1612,1872
1555,155.4,1834,1717,1931,1570,2081,1869,2030,1924,1611,1894
1556,155.5,1828,1715,1938,1577,2079,1870,2023,1927,1611,1901
1557,155.6,1814,1711,1944,1587,2084,1871,2023,1924,1614,1909
1558,155.7,1801,1706,1951,1593,2080,1873,2021,1928,1610,1921
1559,155.8,1790,1707,1943,1603,2085,1876,2023,1926,1603,1958
1560,155.9,1781,1705,1934,1615,2088,1881,2025,1924,1600,1955
1561,156,1778,1711,1918,1620,2079,1890,2026,1930,1598,1933
1562,156.1,1773,1711,1903,1616,2083,1898,2027,1931,1599,1918
1563,156.2,1768,1711,1890,1616,2086,1904,2021,1926,1602,1892
1564,156.3,1762,1712,1884,1610,2080,1908,2021,1921,1603,1881
1565,156.4,1758,1712,1877,1600,2088,1914,2024,1906,1613,1886
1566,156.5,1747,1711,1873,1586,2089,1917,2027,1893,1641,1886
1567,156.6,1738,1711,1869,1581,2080,1914,2025,1873,1636,1908
1568,156.7,1738,1706,1870,1573,2082,1912,2033,1857,1705,1915
1569,156.8,1732,1702,1869,1565,2091,1909,2043,1853,1729,1916
1570,156.9,1735,1700,1871,1558,2080,1904,2044,1859,1715,1940
1571,157,1731,1706,1869,1562,2089,1896,2048,1863,1700,1959
1572,157.1,1729,1706,1866,1561,2090,1893,2056,1894,1683,1965
1573,157.2,1731,1712,1870,1562,2083,1888,2065,1964,1682,1967
1574,157.3,1726,1718,1875,1562,2087,1887,2079,1975,1667,1935
1575,157.4,1722,1731,1868,1566,2089,1884,2093,1966,1657,1898
1576,157.5,1725,1751,1884,1563,2089,1884,2098,1992,1657,1895
1577,157.6,1731,1759,1896,1556,2088,1885,2101,1994,1660,1890
1578,157.7,1735,1760,1907,1558,2090,1882,2102,1970,1657,1875
1579,157.8,1741,1758,1923,1563,2081,1882,2098,1945,1648,1866
1580,157.9,1753,1753,1936,1567,2087,1883,2096,1932,1644,1863
1581,158,1763,1739,1941,1572,2092,1884,2078,1931,1643,1859
1582,158.1,1773,1739,1956,1582,2086,1883,2064,1919,1646,1854
1583,158.2,1780,1737,1953,1595,2097,1878,2055,1905,1643,1854
1584,158.3,1784,1726,1942,1601,2090,1876,2051,1898,1636,1851
1585,158.4,1794,1729,1931,1609,2082,1876,2040,1888,1625,1860
1586,158.5,1803,1734,1910,1620,2087,1875,2032,1885,1609,1875
1587,158.6,1811,1723,1895,1631,2092,1875,2028,1879,1589,1876
1588,158.7,1821,1718,1889,1632,2084,1876,2022,1869,1577,1922
1589,158.8,1828,1716,1881,1626,2091,1877,2028,1854,1565,1967
1590,158.9,1833,1714,1874,1617,2096,1881,2031,1837,1562,1966
1591,159,1830,1715,1873,1603,2082,1882,2024,1830,1555,1952
1592,159.1,1825,1719,1875,1589,2084,1888,2032,1828,1550,1942
1593,159.2,1818,1716,1869,1573,2095,1889,2026,1825,1550,1936
1594,159.3,1816,1719,1869,1567,2085,1899,2016,1824,1550,1920
1595,159.4,1814,1723,1867,1568,2095,1911,2023,1823,1559,1873
1596,159.5,1810,1713,1864,1564,2096,1918,2023,1824,1567,1836
1597,159.6,1810,1718,1866,1566,2087,1919,2023,1807,1576,1831
1598,159.7,1801,1716,1869,1563,2086,1919,2030,1797,1579,1823
1599,159.8,1797,1704,1866,1568,2092,1915,2030,1792,1580,1826
1600,159.9,1787,1709,1865,1566,2087,1911,2021,1791,1580,1841
1601,160,1777,1705,1868,1561,2096,1903,2035,1792,1581,1859
1602,160.1,1769,1704,1866,1559,2098,1899,2043,1788,1583,1874
1603,160.2,1767,1704,1868,1563,2084,1897,2049,1799,1581,1906
1604,160.3,1762,1705,1871,1567,2090,1890,2060,1808,1582,1946
1605,160.4,1759,1701,1882,1572,2093,1892,2068,1804,1582,1974
1606,160.5,1756,1705,1892,1577,2085,1892,2078,1803,1581,1980
1607,160.6,1755,1708,1911,1588,2094,1886,2090,1805,1583,1966
1608,160.7,1752,1702,1919,1593,2100,1887,2100,1800,1586,1952
1609,160.8,1746,1701,1934,1603,2086,1887,2102,1798,1587,1929
1610,160.9,1739,1700,1942,1609,2093,1885,2109,1794,1582,1912
1611,161,1737,1704,1950,1614,2098,1881,2110,1798,1584,1899
1612,161.1,1736,1706,1948,1617,2089,1878,2102,1799,1588,1876
1613,161.2,1737,1706,1939,1612,2100,1875,2091,1802,1605,1867
1614,161.3,1736,1709,1928,1605,2099,1877,2079,1806,1599,1841
1615,161.4,1737,1712,1908,1600,2086,1881,2066,1832,1612,1827
1616,161.5,1737,1713,1895,1594,2093,1879,2062,1871,1645,1842
1617,161.6,1737,1720,1887,1582,2096,1878,2050,1904,1643,1862
1618,161.7,1732,1733,1879,1577,2097,1880,2043,1943,1622,1894
1619,161.8,1724,1750,1874,1574,2097,1881,2042,2009,1609,1955
1620,161.9,1724,1767,1873,1573,2099,1881,2044,2091,1595,1998
1621,162,1724,1771,1873,1572,2087,1887,2036,2087,1596,1962
1622,162.1,1722,1769,1869,1570,2094,1893,2037,2070,1612,1891
1623,162.2,1726,1754,1867,1573,2101,1896,2034,2043,1619,1879
1624,162.3,1730,1746,1863,1573,2091,1912,2029,2007,1634,1877
1625,162.4,1733,1739,1862,1570,2111,1917,2029,1931,1614,1871
1626,162.5,1739,1727,1862,1569,2096,1921,2022,1896,1615,1870
1627,162.6,1743,1722,1865,1569,2088,1932,2011,1862,1630,1852
1628,162.7,1747,1723,1869,1575,2094,1932,2018,1846,1638,1849
1629,162.8,1762,1714,1872,1583,2100,1925,2019,1838,1646,1842
1630,162.9,1775,1715,1880,1586,2093,1918,2019,1822,1650,1840
1631,163,1781,1711,1896,1592,2105,1911,2025,1803,1656,1838
1632,163.1,1796,1710,1907,1597,2111,1902,2029,1788,1655,1837
1633,163.2,1806,1709,1919,1607,2087,1899,2033,1793,1655,1835
1634,163.3,1816,1711,1929,1610,2095,1901,2043,1800,1658,1841
1635,163.4,1827,1709,1940,1617,2103,1897,2051,1805,1653,1860
1636,163.5,1826,1703,1948,1619,2094,1894,2061,1811,1657,1875
1637,163.6,1834,1698,1954,1621,2106,1894,2066,1827,1666,1887
1638,163.7,1836,1697,1945,1617,2107,1887,2075,1826,1669,1911
1639,163.8,1837,1698,1936,1605,2096,1883,2084,1831,1665,1932
1640,163.9,1836,1701,1926,1593,2096,1880,2095,1829,1656,1959
1641,164,1837,1704,1907,1584,2103,1880,2100,1837,1651,1955
1642,164.1,1831,1701,1892,1575,2096,1884,2096,1839,1652,1942
1643,164.2,1827,1707,1886,1567,2107,1881,2097,1845,1653,1931
1644,164.3,1823,1705,1879,1565,2109,1881,2090,1852,1654,1921
1645,164.4,1811,1703,1875,1566,2092,1883,2090,1854,1646,1904
1646,164.5,1800,1696,1872,1566,2105,1882,2088,1843,1645,1894
1647,164.6,1792,1698,1872,1563,2103,1881,2094,1844,1641,1883
1648,164.7,1785,1699,1873,1564,2089,1877,2122,1844,1636,1868
1649,164.8,1775,1695,1868,1569,2114,1869,2154,1838,1631,1867
1650,164.9,1771,1698,1873,1567,2109,1870,2144,1830,1626,1872
1651,165,1762,1699,1868,1563,2094,1870,2112,1821,1620,1870
1652,165.1,1763,1699,1866,1562,2103,1868,2098,1820,1618,1870
1653,165.2,1752,1699,1865,1565,2111,1871,2083,1817,1612,1875
1654,165.3,1746,1700,1871,1571,2096,1875,2080,1825,1613,1878
1655,165.4,1743,1692,1875,1572,2112,1876,2083,1820,1617,1904
1656,165.5,1741,1687,1880,1581,2111,1885,2084,1826,1621,1944
1657,165.6,1739,1689,1891,1591,2096,1891,2080,1834,1619,1948
1658,165.7,1738,1690,1905,1601,2104,1901,2066,1838,1615,1948
1659,165.8,1736,1696,1920,1608,2110,1900,2063,1843,1616,1957
1660,165.9,1736,1695,1931,1613,2110,1908,2070,1843,1621,1956
1661,166,1732,1698,1937,1617,2112,1916,2083,1844,1624,1950
1662,166.1,1728,1706,1943,1618,2113,1915,2088,1845,1621,1943
1663,166.2,1724,1720,1941,1612,2095,1914,2093,1844,1622,1907
1664,166.3,1723,1730,1938,1604,2104,1907,2106,1843,1619,1861
1665,166.4,1722,1735,1927,1595,2111,1903,2116,1847,1663,1863
1666,166.5,1725,1744,1912,1589,2101,1903,2124,1842,1743,1875
1667,166.6,1725,1742,1900,1579,2134,1895,2127,1842,1753,1871
1668,166.7,1727,1738,1890,1575,2111,1891,2134,1844,1737,1862
1669,166.8,1727,1731,1887,1573,2097,1886,2136,1863,1719,1858
1670,166.9,1727,1724,1880,1571,2109,1887,2138,1896,1703,1857
1671,167,1726,1718,1875,1570,2115,1886,2135,1902,1695,1858
1672,167.1,1729,1714,1872,1570,2103,1885,2125,1895,1679,1855
1673,167.2,1736,1709,1867,1570,2122,1883,2107,1885,1672,1855
1674,167.3,1743,1701,1867,1568,2131,1885,2090,1870,1667,1856
1675,167.4,1752,1697,1866,1565,2096,1883,2072,1859,1666,1861
1676,167.5,1764,1695,1865,1565,2110,1881,2056,1858,1677,1873
1677,167.6,1776,1694,1868,1569,2117,1877,2047,1852,1679,1889
1678,167.7,1788,1693,1867,1567,2107,1873,2040,1843,1687,1904
1679,167.8,1792,1691,1868,1564,2126,1872,2030,1831,1685,1917
1680,167.9,1799,1693,1867,1569,2124,1875,2025,1828,1672,1927
1681,168,1804,1692,1871,1571,2103,1870,2016,1831,1660,1934
1682,168.1,1813,1697,1872,1578,2112,1876,2012,1829,1651,1935
1683,168.2,1822,1699,1877,1582,2117,1872,2012,1828,1640,1939
1684,168.3,1833,1692,1887,1589,2110,1870,2008,1827,1640,1941
1685,168.4,1844,1691,1896,1602,2130,1871,2011,1823,1640,1944
1686,168.5,1843,1695,1911,1607,2120,1873,2009,1818,1635,1939
1687,168.6,1842,1692,1923,1613,2105,1872,2008,1812,1630,1931
1688,168.7,1838,1693,1931,1620,2122,1878,2005,1807,1621,1912
1689,168.8,1834,1694,1942,1624,2115,1878,2003,1809,1618,1890
1690,168.9,1831,1693,1945,1618,2093,1885,1998,1814,1617,1875
1691,169,1825,1694,1943,1612,2097,1893,2002,1812,1616,1867
1692,169.1,1821,1695,1936,1606,2090,1903,2004,1818,1615,1868
1693,169.2,1815,1687,1923,1599,2086,1909,2004,1813,1612,1885
1694,169.3,1806,1685,1902,1590,2086,1912,2009,1808,1607,1903
1695,169.4,1793,1685,1893,1586,2093,1916,2013,1809,1602,1909
1696,169.5,1781,1685,1886,1580,2081,1912,2022,1811,1600,1934
1697,169.6,1768,1683,1881,1577,2080,1905,2026,1812,1593,1935
1698,169.7,1761,1687,1879,1577,2086,1903,2034,1815,1587,1919
1699,169.8,1758,1688,1878,1572,2085,1899,2040,1810,1587,1921
1700,169.9,1757,1691,1874,1565,2085,1896,2045,1811,1579,1921
1701,170,1754,1699,1876,1572,2091,1890,2047,1806,1573,1923
1702,170.1,1751,1705,1870,1573,2085,1889,2049,1811,1578,1910
1703,170.2,1747,1711,1873,1568,2080,1885,2051,1812,1573,1900
1704,170.3,1743,1725,1867,1571,2083,1885,2044,1815,1573,1883
1705,170.4,1736,1738,1866,1570,2088,1887,2034,1814,1577,1875
1706,170.5,1730,1753,1868,1573,2084,1880,2021,1819,1572,1866
1707,170.6,1728,1761,1865,1574,2090,1876,2012,1820,1577,1864
1708,170.7,1728,1755,1870,1576,2089,1876,2011,1820,1580,1856
1709,170.8,1729,1747,1870,1582,2083,1875,2008,1815,1581,1844
1710,170.9,1727,1740,1872,1596,2084,1874,2009,1816,1587,1836
1711,171,1729,1729,1876,1599,2090,1879,2009,1813,1597,1840
1712,171.1,1729,1721,1879,1607,2087,1878,2013,1813,1610,1841
1713,171.2,1726,1714,1886,1615,2093,1874,2012,1810,1643,1844
1714,171.3,1724,1706,1896,1621,2086,1875,2018,1804,1688,1845
1715,171.4,1724,1705,1907,1616,2086,1871,2021,1799,1758,1848
1716,171.5,1727,1706,1918,1614,2087,1872,2028,1808,1835,1850
1717,171.6,1733,1704,1925,1613,2090,1874,2036,1826,1847,1862
1718,171.7,1739,1706,1936,1608,2084,1875,2036,1847,1808,1878
1719,171.8,1748,1706,1937,1599,2090,1879,2033,1867,1791,1892
1720,171.9,1758,1706,1935,1597,2087,1883,2032,1881,1772,1896
1721,172,1772,1708,1937,1596,2078,1888,2025,1891,1761,1896
1722,172.1,1778,1702,1928,1601,2078,1896,2028,1893,1760,1897
1723,172.2,1789,1694,1915,1610,2085,1902,2037,1885,1758,1895
1724,172.3,1797,1698,1902,1623,2074,1910,2049,1872,1763,1891
1725,172.4,1807,1695,1889,1632,2083,1915,2057,1859,1771,1877
1726,172.5,1818,1697,1884,1640,2085,1913,2066,1851,1769,1862
1727,172.6,1828,1699,1881,1646,2077,1912,2079,1837,1765,1850
1728,172.7,1838,1700,1876,1652,2081,1904,2085,1818,1744,1837
1729,172.8,1846,1699,1875,1649,2087,1903,2087,1809,1730,1832
1730,172.9,1849,1700,1874,1633,2082,1897,2090,1808,1723,1835
1731,173,1847,1697,1871,1622,2079,1896,2093,1807,1720,1831
1732,173.1,1846,1690,1868,1627,2088,1893,2093,1810,1719,1832
1733,173.2,1841,1693,1871,1641,2077,1888,2086,1811,1712,1840
1734,173.3,1838,1692,1867,1650,2082,1889,2074,1810,1708,1860
1735,173.4,1833,1691,1869,1661,2088,1881,2061,1803,1710,1876
1736,173.5,1829,1699,1870,1667,2079,1881,2042,1792,1703,1896
1737,173.6,1822,1720,1871,1674,2089,1881,2032,1791,1698,1914
1738,173.7,1811,1762,1873,1682,2082,1881,2029,1794,1696,1919
1739,173.8,1798,1796,1876,1692,2076,1881,2026,1793,1688,1934
1740,173.9,1784,1823,1886,1708,2081,1880,2025,1805,1694,1945
1741,174,1776,1835,1895,1716,2090,1880,2024,1806,1688,1951
1742,174.1,1768,1841,1910,1712,2083,1881,2025,1801,1677,1938
1743,174.2,1765,1827,1919,1702,2086,1875,2024,1802,1672,1919
1744,174.3,1760,1803,1925,1684,2088,1871,2021,1805,1658,1903
1745,174.4,1755,1783,1933,1663,2075,1870,2018,1818,1643,1892
1746,174.5,1752,1771,1938,1640,2081,1871,2019,1826,1634,1886
1747,174.6,1746,1756,1936,1622,2092,1874,2019,1836,1623,1881
1748,174.7,1737,1747,1929,1616,2081,1875,2019,1845,1614,1878
1749,174.8,1727,1737,1924,1609,2087,1874,2023,1853,1607,1867
1750,174.9,1723,1727,1910,1609,2087,1880,2024,1862,1605,1851
1751,175,1720,1721,1906,1611,2079,1882,2025,1860,1603,1843
1752,175.1,1720,1723,1892,1608,2078,1888,2023,1853,1606,1839
1753,175.2,1720,1716,1881,1605,2092,1895,2019,1842,1604,1843
1754,175.3,1724,1721,1879,1609,2084,1898,2018,1834,1604,1862
1755,175.4,1723,1722,1878,1607,2089,1905,2020,1828,1603,1871
1756,175.5,1724,1715,1874,1607,2092,1910,2032,1816,1603,1869
1757,175.6,1722,1717,1877,1607,2082,1911,2039,1812,1602,1871
1758,175.7,1730,1719,1875,1612,2084,1912,2050,1806,1602,1877
1759,175.8,1736,1706,1874,1615,2094,1906,2051,1809,1602,1894
1760,175.9,1743,1702,1879,1620,2081,1903,2052,1810,1609,1916
1761,176,1749,1709,1872,1627,2089,1900,2059,1813,1611,1923
1762,176.1,1760,1708,1868,1637,2090,1895,2066,1814,1611,1925
1763,176.2,1771,1708,1872,1655,2082,1890,2063,1815,1614,1916
1764,176.3,1783,1715,1872,1675,2089,1887,2067,1812,1617,1907
1765,176.4,1795,1706,1875,1688,2095,1887,2056,1811,1623,1904
1766,176.5,1800,1711,1878,1698,2080,1884,2046,1810,1627,1899
1767,176.6,1808,1715,1884,1698,2090,1884,2038,1812,1626,1892
1768,176.7,1819,1706,1898,1690,2093,1880,2030,1814,1628,1888
1769,176.8,1827,1702,1909,1673,2083,1880,2016,1808,1630,1887
1770,176.9,1837,1704,1926,1661,2089,1881,2014,1806,1625,1885
1771,177,1845,1694,1935,1649,2098,1880,2015,1808,1633,1881
1772,177.1,1853,1706,1940,1636,2090,1877,2011,1807,1667,1873
1773,177.2,1849,1710,1947,1626,2092,1873,2015,1809,1769,1871
1774,177.3,1847,1703,1942,1618,2089,1876,2017,1815,1918,1891
1775,177.4,1845,1721,1938,1611,2083,1876,2012,1833,2094,1930
1776,177.5,1834,1742,1931,1600,2087,1875,2014,1852,2034,1925
1777,177.6,1834,1759,1915,1597,2098,1875,2013,1848,2019,1916
1778,177.7,1833,1779,1903,1595,2085,1878,2004,1860,1976,1930
1779,177.8,1820,1794,1896,1595,2111,1879,2016,1904,1921,1920
1780,177.9,1812,1803,1888,1595,2087,1888,2020,1877,1878,1916
1781,178,1801,1806,1885,1594,2082,1888,2012,1867,1861,1916
1782,178.1,1784,1796,1877,1594,2087,1892,2018,1865,1836,1911
1783,178.2,1771,1775,1870,1590,2098,1897,2012,1862,1827,1887
1784,178.3,1759,1761,1871,1590,2087,1901,1999,1857,1809,1864
1785,178.4,1755,1749,1870,1593,2093,1910,2007,1853,1789,1857
1786,178.5,1748,1737,1868,1602,2097,1916,2007,1841,1766,1846
1787,178.6,1743,1731,1870,1606,2081,1920,2017,1840,1754,1844
1788,178.7,1741,1723,1872,1612,2090,1917,2033,1843,1747,1859
1789,178.8,1737,1712,1870,1621,2097,1915,2040,1845,1745,1863
1790,178.9,1733,1710,1873,1630,2092,1906,2048,1841,1729,1856
1791,179,1729,1709,1871,1634,2097,1904,2054,1834,1716,1851
1792,179.1,1719,1706,1873,1642,2096,1899,2057,1834,1700,1845
1793,179.2,1714,1707,1876,1648,2087,1900,2059,1842,1691,1848
1794,179.3,1713,1708,1883,1648,2088,1893,2066,1845,1675,1862
1795,179.4,1714,1705,1898,1644,2100,1889,2070,1842,1654,1894
1796,179.5,1717,1704,1907,1635,2090,1892,2065,1850,1637,1918
1797,179.6,1716,1702,1925,1624,2098,1889,2055,1854,1628,1923
1798,179.7,1717,1694,1933,1609,2095,1889,2045,1858,1619,1972
1799,179.8,1716,1687,1941,1599,2087,1893,2033,1852,1611,1995
1800,179.9,1712,1689,1947,1598,2090,1889,2026,1850,1598,1976
1801,180,1715,1686,1947,1600,2107,1882,2020,1854,1589,1956
1802,180.1,1720,1690,1942,1592,2087,1884,2013,1856,1586,1927
1803,180.2,1722,1690,1926,1591,2100,1883,2016,1854,1585,1891
1804,180.3,1735,1695,1907,1595,2100,1877,2017,1853,1582,1879
1805,180.4,1747,1700,1897,1593,2087,1881,2020,1852,1584,1870
1806,180.5,1762,1722,1887,1595,2092,1876,2023,1850,1579,1856
1807,180.6,1779,1746,1881,1603,2107,1874,2019,1848,1578,1851
1808,180.7,1788,1762,1876,1615,2088,1876,2018,1846,1584,1882
1809,180.8,1796,1770,1873,1638,2100,1873,2018,1843,1584,1895
1810,180.9,1804,1770,1873,1654,2099,1873,2012,1842,1588,1900
1811,181,1816,1764,1873,1659,2089,1875,2011,1835,1590,1926
1812,181.1,1825,1745,1866,1664,2095,1879,2016,1830,1586,1948
1813,181.2,1833,1723,1863,1665,2104,1884,2014,1836,1592,1967
1814,181.3,1846,1710,1863,1665,2101,1888,2010,1835,1589,1981
1815,181.4,1851,1699,1863,1668,2100,1891,2009,1831,1592,2023
1816,181.5,1848,1695,1864,1673,2100,1898,2009,1830,1596,2042
1817,181.6,1844,1690,1865,1671,2091,1902,2011,1823,1598,2009
1818,181.7,1836,1683,1867,1669,2097,1902,2024,1822,1597,1965
1819,181.8,1830,1676,1876,1666,2106,1899,2032,1823,1604,1940
1820,181.9,1824,1673,1887,1660,2095,1893,2042,1827,1618,1921
1821,182,1818,1673,1902,1653,2111,1894,2049,1833,1635,1903
1822,182.1,1810,1669,1907,1643,2101,1890,2055,1828,1638,1877
1823,182.2,1802,1670,1918,1640,2087,1887,2063,1828,1648,1839
1824,182.3,1791,1665,1922,1633,2097,1886,2072,1827,1651,1832
1825,182.4,1781,1662,1920,1628,2109,1882,2077,1829,1658,1830
1826,182.5,1764,1663,1920,1624,2096,1888,2080,1822,1659,1832
1827,182.6,1757,1659,1921,1622,2106,1882,2084,1824,1662,1832
1828,182.7,1753,1652,1918,1616,2111,1879,2079,1820,1653,1830
1829,182.8,1747,1649,1912,1613,2090,1879,2072,1820,1649,1821
1830,182.9,1745,1649,1902,1609,2098,1877,2060,1818,1644,1826
1831,183,1743,1650,1890,1610,2110,1879,2050,1818,1635,1840
1832,183.1,1735,1654,1878,1613,2098,1881,2043,1816,1624,1850
1833,183.2,1735,1654,1876,1610,2109,1879,2032,1815,1639,1855
1834,183.3,1724,1651,1863,1610,2107,1879,2026,1814,1654,1848
1835,183.4,1719,1654,1859,1614,2095,1879,2022,1812,1691,1849
1836,183.5,1719,1654,1861,1618,2098,1875,2026,1825,1791,1843
1837,183.6,1719,1649,1862,1619,2113,1874,2017,1850,1929,1850
1838,183.7,1717,1637,1865,1621,2099,1875,2015,1875,1911,1890
1839,183.8,1718,1637,1870,1633,2111,1878,2010,1874,1885,1929
1840,183.9,1719,1636,1878,1644,2110,1879,2011,1884,1863,1950
1841,184,1717,1640,1892,1651,2094,1880,2013,1879,1844,1959
1842,184.1,1715,1650,1902,1657,2103,1888,2013,1859,1822,1949
1843,184.2,1711,1663,1906,1670,2110,1893,2014,1849,1788,1918
1844,184.3,1716,1681,1915,1674,2107,1901,2014,1845,1772,1889
1845,184.4,1718,1694,1925,1683,2111,1906,2007,1837,1754,1880
1846,184.5,1726,1712,1927,1681,2111,1912,2007,1835,1753,1881
1847,184.6,1733,1721,1938,1676,2098,1912,2007,1836,1753,1874
1848,184.7,1744,1724,1941,1675,2105,1906,2005,1836,1742,1856
1849,184.8,1758,1734,1947,1672,2126,1904,2009,1829,1720,1839
1850,184.9,1764,1734,1954,1669,2100,1903,2009,1823,1704,1838
1851,185,1772,1722,1960,1664,2118,1896,2012,1824,1705,1851
1852,185.1,1786,1706,1954,1662,2118,1894,2013,1825,1698,1843
1853,185.2,1797,1694,1947,1660,2098,1894,2013,1821,1692,1840
1854,185.3,1806,1666,1933,1654,2112,1888,2010,1821,1678,1835
1855,185.4,1817,1637,1919,1645,2128,1888,2012,1817,1670,1827
1856,185.5,1830,1616,1909,1640,2121,1884,2017,1823,1668,1845
1857,185.6,1843,1602,1902,1636,2123,1878,2030,1825,1665,1862
1858,185.7,1858,1597,1893,1626,2117,1875,2048,1826,1672,1870
1859,185.8,1862,1591,1887,1616,2102,1874,2069,1827,1675,1879
1860,185.9,1866,1596,1887,1605,2115,1875,2081,1821,1681,1888
1861,186,1868,1595,1884,1595,2127,1876,2085,1816,1687,1893
1862,186.1,1868,1595,1878,1599,2103,1875,2091,1810,1688,1890
1863,186.2,1862,1598,1877,1596,2117,1874,2092,1799,1683,1894
1864,186.3,1862,1600,1873,1592,2121,1870,2103,1793,1691,1886
1865,186.4,1859,1600,1871,1588,2098,1871,2105,1783,1696,1875
1866,186.5,1856,1596,1872,1588,2103,1865,2098,1773,1700,1867
1867,186.6,1843,1598,1877,1595,2102,1865,2083,1762,1700,1860
1868,186.7,1827,1599,1878,1596,2089,1862,2068,1750,1709,1851
1869,186.8,1815,1600,1890,1604,2083,1865,2059,1728,1694,1845
1870,186.9,1805,1599,1898,1612,2091,1866,2048,1724,1684,1836
1871,187,1793,1601,1908,1621,2084,1865,2040,1717,1668,1844